"[-0.7, 3.0, 0.82, -0.72, 0.69, 0.93, 0.12, 5.0, 4.65, 1.0]", ==> ,START TESTING
"[-0.99, -1.0, -0.81, -0.24, 0.26, -0.04, 1.72, 3.0, 0.94, -1.0]", ==> ,0.0
"[-0.29, 5.0, -1.02, -1.9, 0.02, -0.58, 1.66, 2.0, 1.18, -2.0]", ==> ,0.0
"[-0.28, -3.0, 0.84, -1.44, 0.01, -0.11, 0.18, 3.0, 2.92, -1.0]", ==> ,1.0
"[-0.87, 1.0, -1.16, -1.58, 0.84, 0.35, 1.36, 5.0, 0.19, 0.0]", ==> ,1.0
"[-0.94, 5.0, 0.47, -0.1, 0.99, 0.29, 0.9, 2.0, -0.8, -1.0]", ==> ,1.0
"[-0.5, 5.0, 3.21, -0.16, 0.8, -0.38, 0.82, 1.0, 2.99, 0.0]", ==> ,0.0
"[-0.67, 3.0, 1.13, -0.46, 0.18, 0.17, 1.76, 1.0, -2.09, -2.0]", ==> ,0.0
"[-0.54, -3.0, -1.8, -1.3, 0.22, -0.34, 1.14, 4.0, 1.25, 0.0]", ==> ,0.0
"[-0.81, 1.0, -1.95, -1.92, 0.04, 0.18, 1.68, 1.0, 0.28, 1.0]", ==> ,0.0
"[-0.02, 1.0, 1.45, -1.6, 0.61, -0.39, 0.9, 4.0, 5.14, -2.0]", ==> ,1.0
"[-0.39, -3.0, 0.14, -0.7, 0.23, -0.71, 1.02, 5.0, -1.12, 1.0]", ==> ,1.0
"[-0.76, 5.0, 0.82, -1.5, 0.88, -0.37, 0.82, 3.0, 4.76, -1.0]", ==> ,0.0
"[-0.64, 3.0, -0.82, -0.92, 0.51, -0.61, 0.22, 5.0, -1.31, -2.0]", ==> ,1.0
"[-0.81, 5.0, -0.77, -1.44, 0.56, 0.52, 0.26, 4.0, 0.78, -2.0]", ==> ,1.0
"[-0.55, -1.0, 0.0, -1.9, 0.42, 0.28, 0.18, 5.0, 1.19, 0.0]", ==> ,1.0
"[-0.51, 1.0, 0.6, -1.54, 0.59, 0.4, 1.24, 4.0, 1.01, -2.0]", ==> ,1.0
"[-0.13, -1.0, 0.44, -1.54, 0.38, -0.17, 0.16, 3.0, 2.26, 1.0]", ==> ,1.0
"[-0.33, 5.0, 0.19, -0.46, 0.11, -0.43, 0.34, 2.0, 0.0, 1.0]", ==> ,1.0
"[-0.37, -1.0, -0.49, -1.88, 0.98, 0.01, 0.76, 4.0, 3.05, 1.0]", ==> ,0.0
"[-0.56, 5.0, -1.28, -1.34, 0.5, 0.96, 1.98, 1.0, 0.17, -2.0]", ==> ,1.0
"[-0.27, 1.0, 1.32, -1.96, 0.22, 0.82, 1.5, 3.0, 1.86, 1.0]", ==> ,1.0
"[-0.28, 3.0, 0.0, -1.88, 0.08, -0.7, 1.24, 4.0, 0.2, -2.0]", ==> ,1.0
"[-0.18, -1.0, -0.73, -1.14, 0.26, -0.55, 1.7, 4.0, 3.23, -2.0]", ==> ,1.0
"[-0.44, -3.0, 1.68, -1.82, 0.86, -0.55, 1.4, 5.0, 0.79, 1.0]", ==> ,0.0
"[-0.13, -1.0, 0.48, -0.84, 0.8, 0.48, 0.38, 3.0, -1.26, -2.0]", ==> ,1.0
"[-0.16, 5.0, -1.88, -1.4, 0.72, -0.84, 1.9, 3.0, 2.11, -1.0]", ==> ,0.0
"[-0.97, 1.0, -0.88, -0.96, 0.64, 0.57, 1.78, 1.0, 1.07, 1.0]", ==> ,0.0
"[-0.08, 1.0, 0.36, -1.38, 0.36, -0.51, 0.96, 5.0, -1.4, 0.0]", ==> ,0.0
"[-0.37, 3.0, -0.64, -0.18, 0.96, 0.36, 0.06, 3.0, -1.17, -1.0]", ==> ,1.0
"[-0.97, -3.0, 1.29, -1.6, 0.86, -0.2, 2.0, 5.0, -0.9, 1.0]", ==> ,0.0
"[-0.52, 1.0, 1.8, -1.08, 0.77, -0.67, 1.72, 3.0, -1.89, -2.0]", ==> ,0.0
"[-0.6, 3.0, -0.9, -0.14, 0.05, 0.75, 1.82, 5.0, -0.47, 1.0]", ==> ,0.0
"[-0.95, 3.0, -1.33, -1.16, 0.78, 0.61, 1.38, 3.0, 0.53, 0.0]", ==> ,0.0
"[-0.84, -1.0, 1.93, -1.34, 0.87, -0.51, 0.7, 1.0, -2.66, -1.0]", ==> ,0.0
"[-0.64, -3.0, 0.97, -0.34, 0.29, 0.76, 0.12, 5.0, 0.12, 1.0]", ==> ,0.0
"[-0.44, -3.0, 1.03, -1.2, 0.79, -0.97, 0.18, 4.0, 1.79, -2.0]", ==> ,0.0
"[0.0, -3.0, 0.48, -0.16, 0.74, 0.09, 1.52, 1.0, 0.0, -2.0]", ==> ,1.0
"[-0.38, 1.0, 0.57, -0.14, 0.62, -0.95, 1.78, 4.0, 0.61, -1.0]", ==> ,0.0
"[-0.86, 1.0, -0.55, -1.84, 0.86, -0.2, 1.94, 4.0, 1.17, -1.0]", ==> ,0.0
"[-0.58, 1.0, 1.6, -0.42, 0.3, -0.82, 0.68, 4.0, -1.49, -2.0]", ==> ,1.0
"[-0.97, -3.0, 0.52, -1.02, 0.44, 0.08, 0.92, 5.0, 0.74, 0.0]", ==> ,0.0
"[-0.94, 1.0, 0.13, -0.14, 0.8, -0.78, 1.1, 4.0, 1.78, -1.0]", ==> ,0.0
"[-0.31, -1.0, -3.24, -0.92, 0.52, 0.24, 0.3, 4.0, 0.09, 0.0]", ==> ,0.0
"[-0.62, -1.0, -0.87, -1.84, 0.74, 0.45, 1.24, 5.0, 3.94, 0.0]", ==> ,0.0
"[-0.03, -3.0, 0.97, -1.1, 0.06, 0.93, 0.36, 1.0, 1.17, -2.0]", ==> ,1.0
"[-0.26, 5.0, 0.96, -1.52, 0.78, -0.07, 0.9, 1.0, 2.65, -1.0]", ==> ,0.0
"[-0.19, 5.0, -1.04, -1.06, 0.32, 0.04, 0.1, 3.0, 4.3, 0.0]", ==> ,1.0
"[-0.2, 5.0, 1.39, -1.94, 0.9, 0.46, 1.44, 4.0, 4.04, -2.0]", ==> ,1.0
"[-0.93, 5.0, -1.05, -1.44, 0.64, -0.87, 0.44, 4.0, 1.85, 0.0]", ==> ,1.0
"[-0.36, 5.0, -0.96, -0.62, 0.85, -0.6, 1.62, 5.0, 1.21, 0.0]", ==> ,1.0
"[-0.51, -3.0, -1.63, -0.7, 0.27, 0.16, 0.42, 2.0, -0.59, -2.0]", ==> ,0.0
"[-0.82, 5.0, 0.2, -0.26, 0.97, 0.59, 0.28, 2.0, -2.05, -1.0]", ==> ,0.0
"[-0.42, 5.0, -0.61, -1.16, 0.34, -0.49, 1.5, 2.0, 2.17, 0.0]", ==> ,0.0
"[-0.61, -1.0, -0.85, -1.48, 0.98, 0.37, 0.82, 4.0, 3.06, -1.0]", ==> ,1.0
"[-0.29, 3.0, -0.54, -1.14, 0.16, 0.72, 0.1, 1.0, 2.9, 1.0]", ==> ,1.0
"[-0.62, -3.0, -0.52, -1.08, 0.27, -0.26, 1.14, 5.0, 1.01, -2.0]", ==> ,1.0
"[-0.11, -1.0, 0.31, -0.46, 0.1, -0.04, 2.0, 2.0, 1.55, -2.0]", ==> ,0.0
"[-0.03, -1.0, -0.79, -1.84, 0.41, 0.72, 0.64, 5.0, 0.25, -2.0]", ==> ,0.0
"[-0.81, -3.0, -0.78, -1.64, 0.99, 0.84, 0.2, 3.0, 0.15, -1.0]", ==> ,0.0
"[-0.95, 1.0, 1.05, -1.68, 0.02, 0.53, 1.96, 1.0, 0.97, 1.0]", ==> ,1.0
"[-0.57, 5.0, -0.03, -1.76, 0.83, 0.23, 0.28, 5.0, 0.66, 0.0]", ==> ,0.0
"[-0.62, -1.0, 1.08, -0.24, 0.72, -0.58, 0.04, 3.0, 3.96, -1.0]", ==> ,1.0
"[0.0, -1.0, -0.49, -0.88, 0.78, 0.65, 0.8, 1.0, 2.58, -2.0]", ==> ,0.0
"[-0.81, 3.0, -0.53, -1.32, 0.64, -0.51, 1.82, 1.0, 1.01, 0.0]", ==> ,0.0
"[-0.39, -3.0, -0.6, -1.08, 0.47, 0.07, 1.58, 4.0, 3.92, 1.0]", ==> ,1.0
"[-0.2, -1.0, 0.68, -0.8, 0.43, -0.11, 1.76, 1.0, -0.36, 0.0]", ==> ,0.0
"[-0.44, 3.0, 1.65, -1.7, 0.45, 0.5, 1.84, 4.0, 1.54, 0.0]", ==> ,0.0
"[-0.01, -3.0, -0.43, -1.24, 0.69, -0.26, 1.4, 3.0, -0.2, -2.0]", ==> ,1.0
"[-0.1, 5.0, 0.84, 0.0, 0.55, -0.59, 0.32, 3.0, -0.63, -2.0]", ==> ,0.0
"[-0.59, -1.0, 0.02, -1.4, 0.16, -0.67, 1.36, 2.0, 1.35, 1.0]", ==> ,0.0
"[-0.19, 5.0, -0.19, -1.68, 0.45, -0.76, 1.94, 3.0, -1.38, -2.0]", ==> ,0.0
"[-0.64, 1.0, -1.69, -0.28, 0.91, -0.09, 1.28, 2.0, 4.31, -2.0]", ==> ,1.0
"[-0.23, 1.0, 0.77, -0.16, 0.46, -0.7, 1.62, 5.0, 2.55, -2.0]", ==> ,0.0
"[-0.81, 1.0, 0.33, -0.66, 0.36, -0.36, 1.42, 5.0, -0.36, 1.0]", ==> ,0.0
"[-0.15, -1.0, -0.49, -1.42, 0.82, 0.61, 1.46, 4.0, -0.19, 0.0]", ==> ,0.0
"[-0.25, -1.0, -1.11, -0.78, 0.69, -0.15, 1.72, 3.0, -1.09, 1.0]", ==> ,0.0
"[-0.64, 1.0, 0.45, -1.94, 0.39, 0.78, 1.28, 3.0, 3.43, 0.0]", ==> ,0.0
"[-0.37, 3.0, 1.19, -1.14, 0.8, 0.3, 1.2, 1.0, 4.41, 1.0]", ==> ,1.0
"[-0.66, 3.0, 0.38, -0.48, 0.13, 0.18, 1.86, 4.0, -0.97, -2.0]", ==> ,1.0
"[-0.25, -1.0, -1.02, -1.34, 0.88, 0.07, 0.16, 1.0, -1.09, 0.0]", ==> ,0.0
"[-0.4, 1.0, -0.61, -1.02, 0.9, -0.26, 1.5, 4.0, -0.4, -1.0]", ==> ,0.0
"[-0.55, 5.0, -0.19, -0.06, 0.08, 0.32, 1.82, 2.0, 0.45, -1.0]", ==> ,0.0
"[-0.1, -3.0, 0.19, -0.34, 0.68, -0.07, 1.86, 3.0, -0.58, 0.0]", ==> ,0.0
"[-0.13, 5.0, -1.15, -0.5, 0.07, -0.09, 1.94, 4.0, 3.49, 1.0]", ==> ,0.0
"[-0.79, -3.0, 0.93, -1.56, 0.26, -0.65, 1.94, 5.0, 3.61, 1.0]", ==> ,0.0
"[-0.24, 5.0, 0.77, -0.7, 0.82, 0.52, 1.88, 1.0, -1.36, 0.0]", ==> ,1.0
"[-0.42, -1.0, 2.25, -0.76, 0.84, 0.47, 1.86, 4.0, -1.54, -2.0]", ==> ,0.0
"[-0.49, 1.0, 0.26, -0.24, 0.52, 0.33, 1.8, 4.0, -0.33, -1.0]", ==> ,0.0
"[-0.14, 3.0, 1.15, -0.06, 0.0, -0.85, 0.12, 3.0, -1.56, 1.0]", ==> ,0.0
"[-0.46, 5.0, 1.07, -0.78, 0.88, 0.24, 1.4, 3.0, 2.52, 0.0]", ==> ,0.0
"[-0.66, 5.0, 0.56, -1.1, 0.51, 0.21, 0.32, 5.0, 5.24, -1.0]", ==> ,0.0
"[-0.15, -3.0, 0.36, -1.52, 0.18, -0.98, 0.14, 1.0, 0.97, -1.0]", ==> ,0.0
"[-0.5, -1.0, -1.97, -0.14, 0.59, 0.42, 1.24, 1.0, 1.72, 0.0]", ==> ,0.0
"[-0.92, -3.0, -0.05, -0.18, 0.14, -0.36, 1.82, 5.0, -0.62, -2.0]", ==> ,0.0
"[-0.17, 3.0, -0.84, -1.38, 0.15, -0.95, 1.42, 1.0, 3.83, -1.0]", ==> ,0.0
"[-0.84, -3.0, -1.12, -1.5, 0.49, 0.75, 0.02, 2.0, 0.23, -1.0]", ==> ,0.0
"[-0.51, -1.0, 0.09, -0.22, 0.23, 0.37, 0.02, 2.0, 0.35, 0.0]", ==> ,1.0
"[-0.16, -1.0, 0.12, -1.22, 0.36, -0.85, 0.26, 4.0, -0.9, -2.0]", ==> ,0.0
"[-0.6, 5.0, -0.12, -0.06, 0.69, -0.33, 0.9, 3.0, -4.31, -2.0]", ==> ,0.0
"[-0.45, -3.0, -0.92, -1.06, 0.07, 0.64, 1.5, 2.0, 0.96, 1.0]", ==> ,0.0
"[-0.55, 5.0, 0.01, -0.06, 0.42, 0.14, 1.82, 1.0, 0.55, -2.0]", ==> ,0.0
"[-0.97, -1.0, 0.69, -0.64, 0.71, -0.83, 0.96, 2.0, -1.21, -2.0]", ==> ,0.0
"[-0.03, 3.0, 0.74, -1.66, 0.75, -0.59, 1.7, 4.0, -0.7, -2.0]", ==> ,0.0
"[-0.76, 1.0, 0.08, -1.24, 0.81, -0.77, 1.94, 4.0, 2.45, -1.0]", ==> ,1.0
"[-0.29, -1.0, -0.96, -1.86, 0.41, 0.55, 1.16, 2.0, 0.68, 1.0]", ==> ,0.0
"[-0.44, -1.0, -0.72, -1.3, 0.9, -0.77, 0.76, 1.0, 2.03, -2.0]", ==> ,1.0
"[-0.57, 1.0, 0.46, -1.36, 0.56, -0.87, 0.82, 2.0, 4.94, 0.0]", ==> ,0.0
"[-0.04, 5.0, -1.09, -0.66, 0.95, -0.23, 1.86, 1.0, -2.1, -2.0]", ==> ,1.0
"[-0.46, 1.0, -1.67, -1.16, 0.59, -0.01, 0.02, 4.0, 2.79, 1.0]", ==> ,0.0
"[-0.02, 3.0, -1.24, -0.22, 0.57, 0.51, 0.16, 1.0, 1.76, 0.0]", ==> ,0.0
"[-0.28, 3.0, -0.16, -1.0, 0.73, -0.1, 1.64, 5.0, 0.03, 1.0]", ==> ,0.0
"[-0.18, -1.0, 1.07, -0.98, 0.89, -0.35, 0.82, 4.0, 0.33, 1.0]", ==> ,1.0
"[-0.68, -1.0, -0.46, -1.52, 0.21, -0.26, 2.0, 4.0, 2.16, 0.0]", ==> ,0.0
"[-0.76, 3.0, -0.62, -0.68, 0.6, 0.09, 0.86, 1.0, 2.64, 1.0]", ==> ,1.0
"[-0.16, -3.0, -0.95, -1.68, 0.14, -0.38, 0.7, 1.0, 1.56, 0.0]", ==> ,0.0
"[-0.27, 1.0, 0.64, -0.76, 0.7, -0.44, 1.3, 1.0, 2.03, -2.0]", ==> ,0.0
"[-0.1, 5.0, 0.68, -1.06, 0.05, -0.53, 0.66, 3.0, 0.22, -2.0]", ==> ,0.0
"[-0.45, -3.0, 1.22, -1.82, 0.43, 0.79, 0.98, 4.0, -5.62, -1.0]", ==> ,1.0
"[-0.56, 3.0, 1.11, -0.68, 0.88, -0.17, 1.46, 2.0, -1.37, -2.0]", ==> ,0.0
"[-0.42, 1.0, -0.83, -1.68, 0.55, 0.18, 1.08, 4.0, 1.42, -1.0]", ==> ,0.0
"[-0.52, -1.0, 0.23, -0.3, 0.37, 0.29, 1.44, 2.0, -3.09, -1.0]", ==> ,1.0
"[-0.19, 5.0, -0.51, -1.2, 0.14, 0.06, 0.2, 5.0, -0.35, -1.0]", ==> ,0.0
"[-0.15, 3.0, 0.81, -0.7, 0.24, 0.43, 1.54, 5.0, -2.45, 0.0]", ==> ,1.0
"[-0.6, 1.0, 0.14, -0.64, 0.31, 0.79, 1.24, 5.0, 2.57, 1.0]", ==> ,1.0
"[-0.42, -1.0, -0.63, -1.42, 0.63, -0.82, 0.08, 2.0, -0.84, -2.0]", ==> ,0.0
"[-0.11, 1.0, -1.56, -0.42, 0.88, 0.7, 0.9, 2.0, 0.4, 1.0]", ==> ,0.0
"[-0.41, 1.0, 0.38, -0.22, 0.01, -0.88, 1.78, 3.0, 0.91, -2.0]", ==> ,0.0
"[-0.02, 5.0, 0.54, -0.7, 0.1, -0.04, 1.32, 5.0, -2.14, 0.0]", ==> ,0.0
"[-0.51, 5.0, -0.47, -0.26, 0.27, 0.26, 1.58, 3.0, 4.15, -1.0]", ==> ,1.0
"[-0.19, -3.0, -0.98, -1.7, 0.89, 0.74, 1.44, 2.0, 1.46, 0.0]", ==> ,0.0
"[-0.59, -1.0, 1.57, -1.16, 0.57, 0.82, 1.8, 1.0, 3.48, 1.0]", ==> ,0.0
"[-0.88, -3.0, 1.47, -1.8, 0.6, 0.87, 1.7, 5.0, 0.46, 0.0]", ==> ,0.0
"[-0.4, 5.0, 0.39, -0.12, 0.8, -0.02, 1.5, 3.0, -1.34, 0.0]", ==> ,0.0
"[-0.67, -1.0, 1.47, 0.0, 0.36, 0.14, 1.96, 4.0, 0.61, 0.0]", ==> ,0.0
"[-0.28, 5.0, -0.91, -0.76, 0.67, -0.38, 1.88, 5.0, 4.29, 0.0]", ==> ,0.0
"[-0.06, 1.0, 0.53, -0.16, 0.95, -0.51, 1.44, 4.0, 0.16, -2.0]", ==> ,0.0
"[-0.08, 1.0, -0.04, -0.5, 0.88, -0.51, 1.0, 4.0, -1.14, -1.0]", ==> ,0.0
"[-0.43, -1.0, -0.01, -0.74, 0.79, 0.85, 0.14, 4.0, 3.6, -2.0]", ==> ,0.0
"[-0.2, -1.0, 0.14, -1.84, 0.38, -0.69, 1.66, 2.0, 0.72, -1.0]", ==> ,0.0
"[-0.19, -3.0, -2.47, -0.06, 0.83, 0.79, 1.2, 2.0, 3.48, -1.0]", ==> ,0.0
"[-0.31, 1.0, 1.03, -1.48, 0.47, -0.89, 1.24, 4.0, -0.78, -2.0]", ==> ,0.0
"[-0.24, 1.0, 0.59, -1.52, 0.47, -0.99, 1.68, 1.0, 1.78, 1.0]", ==> ,1.0
"[-0.64, 5.0, 0.44, -0.82, 1.0, -0.65, 1.36, 1.0, 1.72, -1.0]", ==> ,0.0
"[-0.24, 1.0, 0.7, -0.22, 0.79, 0.82, 1.62, 4.0, -2.0, -2.0]", ==> ,0.0
"[-0.08, 5.0, 0.2, -1.04, 0.32, -0.64, 0.56, 3.0, 1.81, 1.0]", ==> ,0.0
"[-0.55, 1.0, 0.53, -1.32, 0.1, 0.64, 1.78, 1.0, 1.28, 1.0]", ==> ,1.0
"[-0.45, 5.0, -0.77, -1.2, 0.08, -0.92, 0.84, 4.0, 2.71, 0.0]", ==> ,0.0
"[-0.2, -1.0, 1.05, -1.74, 0.97, -0.23, 0.14, 5.0, 3.92, 0.0]", ==> ,1.0
"[-0.86, 5.0, 0.37, -0.18, 0.97, -0.76, 0.46, 5.0, -2.07, 0.0]", ==> ,1.0
"[-0.2, 5.0, 0.35, -1.32, 0.16, 0.81, 1.48, 1.0, -0.84, 1.0]", ==> ,1.0
"[-0.71, -1.0, -1.52, -1.88, 0.74, -0.29, 1.5, 5.0, -1.87, -1.0]", ==> ,1.0
"[-0.75, 1.0, -0.42, -0.68, 0.33, -0.73, 1.8, 1.0, 0.33, -1.0]", ==> ,1.0
"[-0.62, 1.0, -0.67, -1.3, 0.33, -0.58, 0.9, 3.0, -0.44, -1.0]", ==> ,0.0
"[-0.4, -1.0, 1.12, -0.62, 0.57, -0.63, 0.2, 4.0, -1.13, 1.0]", ==> ,0.0
"[-0.15, -3.0, 0.19, -0.34, 0.04, 0.56, 0.34, 3.0, 2.19, 1.0]", ==> ,0.0
"[-0.8, 5.0, -0.13, -1.34, 0.74, -0.44, 0.5, 2.0, 2.61, 0.0]", ==> ,0.0
"[-0.12, -3.0, -0.68, -1.96, 0.04, 1.0, 0.52, 5.0, 4.68, -1.0]", ==> ,1.0
"[-0.92, 1.0, 1.82, -1.14, 0.35, 0.68, 0.58, 2.0, 1.11, -2.0]", ==> ,1.0
"[-0.07, 3.0, 2.22, -1.24, 0.16, -0.69, 0.76, 3.0, 0.85, -2.0]", ==> ,0.0
"[-0.51, 3.0, 1.15, -0.22, 0.5, 0.42, 1.66, 5.0, -0.25, -1.0]", ==> ,1.0
"[-0.21, -1.0, -0.02, -1.44, 0.16, -0.17, 0.06, 2.0, 1.19, 0.0]", ==> ,0.0
"[-0.41, 3.0, -0.56, -0.7, 0.47, 0.18, 1.0, 2.0, -2.23, -1.0]", ==> ,0.0
"[-0.75, 5.0, -2.0, -1.64, 0.28, -0.93, 1.36, 2.0, 0.61, -1.0]", ==> ,1.0
"[-0.88, 5.0, -1.05, -0.3, 0.45, 0.65, 1.62, 1.0, -2.38, 0.0]", ==> ,1.0
"[-0.78, -1.0, 0.24, -0.24, 0.77, 0.09, 0.08, 3.0, 1.99, -1.0]", ==> ,0.0
"[-0.26, 1.0, -0.3, -1.96, 0.28, -0.22, 0.62, 3.0, 3.27, 1.0]", ==> ,0.0
"[-0.82, 5.0, 0.29, -0.34, 0.01, 0.4, 0.76, 4.0, 1.4, -1.0]", ==> ,1.0
"[-0.17, -1.0, -1.63, -1.1, 0.47, 0.61, 0.7, 2.0, 0.2, -2.0]", ==> ,0.0
"[-0.21, 1.0, -1.42, -1.74, 0.67, 0.59, 1.24, 3.0, 3.33, -1.0]", ==> ,0.0
"[-0.89, -3.0, -0.2, -0.4, 0.56, 0.2, 1.28, 1.0, 2.58, -2.0]", ==> ,0.0
"[-0.85, 5.0, 0.29, -1.42, 0.34, 0.97, 0.1, 1.0, 2.87, -2.0]", ==> ,0.0
"[-0.7, -3.0, -0.64, -0.6, 0.07, -0.63, 1.48, 2.0, -0.13, -1.0]", ==> ,1.0
"[-0.36, -3.0, 2.13, -1.1, 0.82, -0.42, 1.74, 4.0, -1.86, 0.0]", ==> ,0.0
"[-0.27, -3.0, 1.61, -1.66, 0.31, 0.02, 1.26, 1.0, 3.21, 0.0]", ==> ,0.0
"[-0.67, -3.0, 1.19, -1.1, 0.28, -0.85, 0.86, 5.0, 3.77, -1.0]", ==> ,1.0
"[-0.88, 5.0, -1.68, -1.86, 0.32, -0.32, 0.26, 5.0, 2.08, -1.0]", ==> ,1.0
"[-0.87, -3.0, -0.68, -1.46, 0.67, -0.08, 1.5, 3.0, 1.03, 1.0]", ==> ,1.0
"[-0.38, 1.0, 0.14, -1.88, 0.88, -0.08, 0.68, 2.0, -0.14, -1.0]", ==> ,0.0
"[-0.74, -3.0, 2.51, -1.82, 0.83, 0.43, 1.1, 3.0, 2.14, -1.0]", ==> ,0.0
"[-0.1, -3.0, 0.46, -1.1, 0.78, -0.02, 0.64, 5.0, 1.33, 1.0]", ==> ,0.0
"[-0.6, 3.0, -0.28, -1.4, 0.12, 0.2, 0.24, 2.0, 2.88, -2.0]", ==> ,0.0
"[-0.6, 1.0, 0.78, -1.14, 0.33, -0.83, 0.28, 5.0, -0.22, 0.0]", ==> ,1.0
"[-0.01, -1.0, 0.65, -0.4, 0.69, 0.14, 1.54, 3.0, 2.09, 0.0]", ==> ,1.0
"[-0.16, -3.0, -0.93, -0.7, 0.58, -0.72, 0.2, 5.0, -0.46, -1.0]", ==> ,0.0
"[-0.1, 5.0, -0.86, -0.02, 0.1, 0.85, 1.32, 1.0, 1.86, -1.0]", ==> ,0.0
"[-0.59, 1.0, -1.72, -0.62, 0.35, 0.15, 0.46, 2.0, -0.79, 1.0]", ==> ,0.0
"[-0.27, 5.0, 0.2, -1.4, 0.69, 0.02, 0.88, 5.0, 0.32, -2.0]", ==> ,0.0
"[-0.02, 5.0, 1.21, -1.26, 0.15, 0.0, 0.62, 1.0, 4.45, -2.0]", ==> ,1.0
"[-0.49, 3.0, -1.65, -0.98, 0.85, 0.28, 1.44, 4.0, 2.04, -2.0]", ==> ,1.0
"[-0.51, -3.0, -0.3, -1.86, 0.64, 0.61, 0.84, 3.0, 2.05, -2.0]", ==> ,0.0
"[-0.63, -3.0, -0.82, -1.9, 0.39, 0.94, 1.82, 3.0, 0.59, -2.0]", ==> ,1.0
"[-0.72, -1.0, -1.16, -0.7, 0.18, 0.35, 0.52, 5.0, -0.29, -1.0]", ==> ,0.0
"[-0.46, -3.0, 0.75, -1.94, 0.62, -0.8, 1.76, 3.0, 0.14, 0.0]", ==> ,0.0
"[-0.99, -3.0, 1.02, -1.38, 0.85, 0.68, 0.92, 5.0, -2.09, 0.0]", ==> ,0.0
"[-0.63, -1.0, 0.66, -1.06, 0.06, 0.96, 1.3, 1.0, 0.49, -2.0]", ==> ,1.0
"[-0.35, -3.0, -0.91, -0.48, 0.15, -0.72, 1.18, 3.0, -3.03, 1.0]", ==> ,0.0
"[-0.18, 3.0, 0.15, -1.22, 0.05, 0.74, 1.38, 1.0, -0.43, 1.0]", ==> ,0.0
"[-0.98, -1.0, 0.25, -1.24, 0.34, 0.93, 1.74, 3.0, 1.12, 0.0]", ==> ,1.0
"[-0.08, 1.0, -0.48, -1.12, 0.22, 0.44, 0.02, 4.0, 1.9, 1.0]", ==> ,1.0
"[-0.55, 3.0, 0.01, -0.56, 0.37, 0.89, 0.84, 2.0, 1.22, 1.0]", ==> ,1.0
"[-0.83, -3.0, -0.88, -1.44, 0.17, 0.58, 0.5, 1.0, -0.05, -1.0]", ==> ,0.0
"[-0.41, -1.0, 0.67, -0.44, 0.47, 0.15, 0.14, 4.0, 1.24, -2.0]", ==> ,1.0
"[-0.1, -3.0, 1.59, -1.98, 0.2, 0.11, 1.36, 4.0, -2.92, 0.0]", ==> ,0.0
"[-0.59, 5.0, -0.83, -1.32, 0.36, 0.07, 1.24, 2.0, 2.8, -1.0]", ==> ,1.0
"[-0.43, 3.0, -0.09, -1.16, 0.99, -0.45, 0.64, 2.0, -2.26, 0.0]", ==> ,1.0
"[-0.28, 3.0, -1.65, -1.24, 0.82, 0.72, 1.84, 2.0, -2.45, 0.0]", ==> ,1.0
"[-0.29, 3.0, 0.68, -0.32, 0.02, 0.1, 1.9, 1.0, -1.26, -2.0]", ==> ,1.0
"[-0.14, 1.0, 1.6, -1.0, 0.09, 0.92, 0.12, 2.0, 0.8, 0.0]", ==> ,0.0
"[-0.6, 3.0, -0.2, -0.98, 0.1, 0.25, 0.4, 1.0, 2.15, 1.0]", ==> ,0.0
"[-0.62, -3.0, 0.0, -1.86, 0.89, 0.21, 1.28, 4.0, 0.34, 1.0]", ==> ,0.0
"[-0.26, -3.0, -1.25, -1.56, 0.79, -0.65, 0.84, 5.0, -1.04, 0.0]", ==> ,0.0
"[-0.33, 1.0, -0.01, -0.42, 0.63, 0.62, 1.84, 1.0, 0.84, 0.0]", ==> ,0.0
"[-0.33, -3.0, -0.38, -1.66, 0.18, -0.27, 1.4, 4.0, 0.7, 1.0]", ==> ,0.0
"[-0.87, 3.0, -1.49, -1.98, 0.8, 0.98, 1.62, 3.0, 2.59, 1.0]", ==> ,0.0
"[-0.59, 3.0, 1.12, -0.68, 0.94, 0.34, 1.4, 4.0, 1.22, 0.0]", ==> ,1.0
"[0.0, 3.0, 0.91, -0.28, 0.9, 0.79, 1.94, 2.0, 1.02, -2.0]", ==> ,1.0
"[-0.76, -1.0, -0.59, 0.0, 0.09, 0.94, 0.36, 2.0, 1.53, 1.0]", ==> ,0.0
"[-0.56, 3.0, 1.24, -0.68, 0.72, -0.88, 1.34, 2.0, 3.18, 0.0]", ==> ,0.0
"[-0.64, 3.0, -0.32, -0.06, 0.03, 0.1, 1.08, 1.0, 2.96, 1.0]", ==> ,0.0
"[-0.37, -3.0, -0.07, -0.24, 0.16, -0.1, 1.92, 2.0, 3.47, 0.0]", ==> ,0.0
"[-0.52, 3.0, -0.5, -0.1, 0.44, -0.62, 1.96, 1.0, 1.61, 0.0]", ==> ,0.0
"[-0.6, -1.0, -0.57, -0.54, 0.56, -0.74, 0.5, 1.0, 0.26, 1.0]", ==> ,0.0
"[-0.36, -1.0, -1.01, -1.66, 0.68, -0.42, 1.14, 2.0, -0.24, 1.0]", ==> ,0.0
"[-0.84, -3.0, -1.61, -1.0, 0.2, 0.45, 1.86, 2.0, -0.46, -1.0]", ==> ,0.0
"[-0.58, 3.0, 0.71, -1.96, 0.54, -0.24, 0.12, 2.0, 2.82, 0.0]", ==> ,0.0
"[-0.78, -3.0, -0.48, -1.46, 0.87, 0.75, 0.92, 4.0, -4.81, -2.0]", ==> ,1.0
"[-0.15, 1.0, 0.35, -1.72, 0.85, 0.2, 1.58, 5.0, 1.41, 0.0]", ==> ,0.0
"[-0.05, 3.0, -0.7, -0.08, 0.09, -0.62, 0.54, 2.0, 5.53, 0.0]", ==> ,1.0
"[-0.33, -1.0, 0.45, -1.96, 0.6, -0.92, 0.48, 4.0, -0.91, -2.0]", ==> ,0.0
"[-0.46, -3.0, -1.07, -1.66, 0.52, 0.66, 1.76, 1.0, 0.17, 1.0]", ==> ,1.0
"[-0.2, 3.0, 1.0, -1.34, 0.24, 0.21, 1.8, 1.0, 3.95, 0.0]", ==> ,0.0
"[-0.99, 3.0, -1.22, -0.98, 0.99, -0.18, 0.26, 4.0, -3.12, 1.0]", ==> ,1.0
"[-0.93, -1.0, -0.89, -0.5, 0.17, 0.05, 0.52, 1.0, 2.78, -2.0]", ==> ,0.0
"[-0.79, 5.0, 0.83, -1.86, 0.63, -0.61, 0.82, 4.0, 3.61, 0.0]", ==> ,0.0
"[-0.23, -1.0, -1.2, -1.56, 0.72, -0.31, 0.78, 3.0, 0.56, -1.0]", ==> ,1.0
"[-0.75, -3.0, -0.53, -0.96, 0.76, 0.79, 0.26, 1.0, 2.48, 0.0]", ==> ,1.0
"[-0.71, 5.0, 1.14, -1.58, 0.62, -0.76, 1.12, 4.0, -2.34, -1.0]", ==> ,0.0
"[-0.54, 5.0, 0.42, -1.68, 0.55, -0.47, 0.2, 3.0, 3.84, 1.0]", ==> ,1.0
"[-0.36, 5.0, -2.02, -0.56, 0.03, -0.03, 0.22, 1.0, 4.64, -2.0]", ==> ,1.0
"[-0.6, -1.0, -0.32, -1.6, 0.63, -0.65, 0.82, 2.0, 3.02, 1.0]", ==> ,1.0
"[-0.39, -1.0, 0.29, -1.76, 0.94, 0.01, 1.36, 1.0, -1.81, 1.0]", ==> ,1.0
"[-0.78, -1.0, 0.35, -0.52, 0.84, 0.47, 1.54, 2.0, 1.69, -1.0]", ==> ,0.0
"[-0.78, -3.0, 1.98, -1.72, 0.1, 0.87, 0.14, 5.0, 2.43, 0.0]", ==> ,0.0
"[-0.13, 1.0, 0.23, -0.08, 0.1, 0.94, 1.38, 5.0, 3.77, -1.0]", ==> ,0.0
"[-0.26, 1.0, -0.61, -1.0, 0.27, -0.06, 1.7, 3.0, 3.28, 1.0]", ==> ,0.0
"[-0.52, 3.0, -1.17, -1.76, 0.96, 0.66, 0.74, 2.0, -2.69, -1.0]", ==> ,0.0
"[-0.08, 3.0, -0.45, -1.94, 0.55, 0.21, 1.26, 5.0, 0.11, 0.0]", ==> ,1.0
"[-0.61, 5.0, 0.46, -0.06, 0.38, 0.48, 0.5, 3.0, 3.79, -2.0]", ==> ,1.0
"[-0.89, -1.0, -0.99, -1.14, 0.16, 0.84, 0.56, 4.0, -0.22, -1.0]", ==> ,0.0
"[-0.46, -1.0, 0.77, -1.16, 0.99, -0.3, 1.0, 5.0, 3.63, -2.0]", ==> ,0.0
"[-0.82, 3.0, -2.07, -0.16, 0.68, -0.32, 0.14, 1.0, 2.24, 0.0]", ==> ,1.0
"[-0.84, -3.0, -0.54, -0.22, 0.89, -0.9, 1.86, 2.0, -0.05, -2.0]", ==> ,0.0
"[-0.11, 5.0, -1.58, -0.14, 0.36, -0.23, 1.42, 4.0, -1.63, 0.0]", ==> ,0.0
"[-0.24, 1.0, -0.92, -0.14, 0.33, -0.32, 1.38, 4.0, 2.05, -2.0]", ==> ,0.0
"[-0.11, -1.0, 0.87, -0.4, 0.25, -0.59, 0.7, 2.0, -0.77, 0.0]", ==> ,0.0
"[-0.27, 5.0, 0.24, 0.0, 0.66, -0.38, 1.54, 2.0, 4.65, -1.0]", ==> ,0.0
"[-0.16, 5.0, -0.18, -1.76, 0.07, 0.1, 1.3, 1.0, 1.09, -2.0]", ==> ,0.0
"[-0.58, -3.0, -0.9, -0.54, 0.3, -0.15, 0.0, 2.0, 3.88, -1.0]", ==> ,1.0
"[-0.03, -3.0, -0.49, -1.1, 0.38, 0.77, 0.04, 3.0, -0.91, 1.0]", ==> ,0.0
"[-0.78, 1.0, 1.57, -0.7, 0.19, 0.48, 0.92, 4.0, 0.85, -2.0]", ==> ,0.0
"[-0.05, -1.0, -0.56, -0.62, 0.99, -0.01, 1.32, 4.0, 0.24, -2.0]", ==> ,0.0
"[-0.01, -1.0, 0.36, -0.16, 0.76, -0.78, 1.26, 4.0, -2.21, -1.0]", ==> ,0.0
"[-0.74, -1.0, -0.74, -0.5, 0.49, -0.2, 0.74, 1.0, 3.25, 1.0]", ==> ,0.0
"[-0.92, 1.0, 0.1, -1.06, 0.76, 0.06, 1.3, 5.0, -0.17, 0.0]", ==> ,0.0
"[-0.7, -1.0, -1.56, -0.7, 0.03, -0.11, 0.92, 2.0, 1.36, -1.0]", ==> ,1.0
"[-0.96, -1.0, 2.07, -1.14, 0.31, -0.54, 0.98, 5.0, 2.32, -1.0]", ==> ,0.0
"[-0.25, 3.0, -0.94, -0.82, 0.26, 0.67, 0.12, 2.0, 4.32, 0.0]", ==> ,1.0
"[-0.4, 5.0, -0.59, -0.14, 0.55, -0.14, 1.34, 5.0, 0.43, -2.0]", ==> ,1.0
"[-0.75, -3.0, -0.78, -1.1, 0.94, -0.08, 0.58, 3.0, 0.32, 0.0]", ==> ,0.0
"[-0.44, 3.0, -0.68, -0.04, 0.09, -0.47, 0.9, 4.0, 0.1, -2.0]", ==> ,0.0
"[-0.21, 3.0, -1.53, -0.52, 0.98, -0.47, 0.82, 1.0, 1.14, -1.0]", ==> ,0.0
"[-0.1, 3.0, 0.84, -1.94, 0.1, -0.04, 0.38, 1.0, 2.57, 0.0]", ==> ,0.0
"[-0.2, -3.0, -0.58, -0.58, 0.74, -0.2, 1.66, 5.0, -0.63, 0.0]", ==> ,1.0
"[-0.61, 1.0, -0.42, -0.98, 0.57, -0.01, 0.08, 4.0, -0.74, -1.0]", ==> ,0.0
"[-0.27, -1.0, -2.13, -0.02, 0.44, -0.34, 1.54, 1.0, 2.7, 1.0]", ==> ,1.0
"[-0.2, -1.0, 2.07, -1.0, 0.36, -0.92, 0.82, 5.0, 2.23, -1.0]", ==> ,0.0
"[-0.18, 1.0, -0.31, -1.58, 0.51, -0.31, 0.3, 5.0, 5.0, 0.0]", ==> ,1.0
"[-0.05, -3.0, -0.19, -0.58, 0.5, 0.87, 0.36, 1.0, 1.51, 1.0]", ==> ,0.0
"[-0.05, 1.0, 0.76, -0.94, 0.86, 0.1, 0.8, 5.0, -3.28, 1.0]", ==> ,0.0
"[-0.81, 5.0, -0.41, -0.54, 0.36, -0.44, 1.02, 1.0, 0.95, -2.0]", ==> ,0.0
"[-0.04, 1.0, 0.81, -1.66, 0.77, -0.6, 1.78, 3.0, -1.6, 0.0]", ==> ,0.0
"[-0.22, 5.0, 0.73, -1.0, 0.97, 0.28, 1.82, 3.0, -0.18, 0.0]", ==> ,0.0
"[-0.48, -1.0, -1.95, -1.5, 0.92, 0.96, 0.52, 1.0, -0.29, -1.0]", ==> ,0.0
"[-0.49, -3.0, -0.06, -1.74, 0.87, -0.6, 1.04, 3.0, 1.77, 1.0]", ==> ,0.0
"[-0.39, -1.0, 0.47, -0.3, 0.94, -0.69, 0.68, 3.0, 2.77, 0.0]", ==> ,1.0
"[-0.29, 5.0, 0.34, -0.84, 0.36, 0.25, 0.48, 3.0, 0.89, 1.0]", ==> ,0.0
"[-0.68, 5.0, 0.88, -1.52, 0.57, -0.5, 0.68, 2.0, 0.53, 1.0]", ==> ,0.0
"[-0.67, -3.0, -0.44, -1.2, 0.21, 0.7, 1.64, 2.0, 2.33, -2.0]", ==> ,1.0
"[-0.47, -3.0, -0.22, -1.52, 0.88, -0.45, 0.36, 4.0, 0.9, 0.0]", ==> ,0.0
"[-0.67, -3.0, 1.01, -0.4, 0.13, 0.9, 1.66, 5.0, 1.53, -2.0]", ==> ,1.0
"[-0.51, -1.0, 2.04, -0.04, 0.97, 0.82, 1.96, 4.0, 0.86, 1.0]", ==> ,0.0
"[-0.86, 5.0, 2.58, -0.16, 0.75, 0.27, 0.64, 5.0, 0.43, -2.0]", ==> ,0.0
"[-0.13, 5.0, -0.95, -0.3, 0.38, -0.84, 0.72, 2.0, 1.29, 0.0]", ==> ,1.0
"[-0.78, 5.0, -0.81, -1.34, 0.0, -0.98, 1.86, 5.0, 4.6, 0.0]", ==> ,0.0
"[-0.31, 1.0, -1.21, -1.58, 0.3, 0.42, 0.72, 4.0, 1.18, -1.0]", ==> ,0.0
"[-0.23, 1.0, -0.43, -1.26, 0.51, -0.82, 1.48, 4.0, 3.87, 0.0]", ==> ,1.0
"[-0.75, -3.0, -0.04, -1.7, 0.49, 0.98, 1.18, 2.0, 0.01, -2.0]", ==> ,0.0
"[-0.29, 5.0, 0.16, -1.12, 0.72, 0.68, 1.0, 5.0, 4.83, -1.0]", ==> ,1.0
"[-0.63, 3.0, -1.8, -0.86, 0.37, 0.63, 0.88, 1.0, 1.14, -2.0]", ==> ,0.0
"[-0.12, -1.0, 0.15, -1.84, 0.0, -0.44, 0.44, 2.0, 0.8, -1.0]", ==> ,0.0
"[-0.22, -1.0, -0.66, -1.3, 0.49, 0.07, 1.24, 5.0, -0.01, 0.0]", ==> ,1.0
"[-0.53, 3.0, -0.45, -1.4, 0.18, 0.96, 1.04, 2.0, 0.04, -1.0]", ==> ,0.0
"[-0.28, -1.0, 0.64, -0.74, 0.03, -0.69, 0.88, 2.0, 2.35, -2.0]", ==> ,1.0
"[-0.22, -3.0, -1.08, -1.22, 0.61, 0.78, 1.42, 2.0, 2.83, -1.0]", ==> ,0.0
"[-0.06, -1.0, 1.46, -1.66, 0.68, 0.1, 0.24, 5.0, 1.04, 0.0]", ==> ,0.0
"[-0.48, -1.0, -1.15, -1.6, 0.52, -0.12, 0.88, 2.0, 2.36, -1.0]", ==> ,1.0
"[-0.6, 5.0, -0.32, -1.68, 0.93, 0.37, 1.26, 3.0, 2.64, 0.0]", ==> ,0.0
"[-0.18, 3.0, -1.45, -1.1, 0.57, 0.74, 1.84, 2.0, -1.92, 1.0]", ==> ,1.0
"[-0.09, -3.0, -0.52, -0.32, 0.59, -0.23, 0.52, 1.0, 3.51, -2.0]", ==> ,1.0
"[-0.31, 5.0, -0.79, -0.04, 0.59, 0.41, 1.88, 5.0, 1.43, 0.0]", ==> ,0.0
"[-0.53, 3.0, 0.66, -1.72, 0.89, -0.09, 0.92, 4.0, -0.43, 1.0]", ==> ,0.0
"[-0.37, 1.0, 0.35, -0.6, 0.27, 0.75, 1.64, 3.0, -3.64, -1.0]", ==> ,1.0
"[-0.51, 3.0, -0.11, -0.86, 0.89, -0.13, 1.7, 3.0, 0.36, 0.0]", ==> ,0.0
"[-0.18, 1.0, 0.58, -0.9, 0.46, 0.68, 0.4, 1.0, 0.27, 0.0]", ==> ,0.0
"[0.0, 3.0, -0.45, -1.1, 0.48, 0.7, 1.44, 2.0, 0.81, 0.0]", ==> ,0.0
"[-0.44, 1.0, -1.53, -0.06, 0.05, -0.59, 1.02, 4.0, 1.36, 0.0]", ==> ,0.0
"[-0.85, 5.0, 2.18, -1.32, 0.46, 0.64, 1.04, 1.0, 2.27, -1.0]", ==> ,0.0
"[-0.23, 1.0, -0.2, -0.1, 0.31, 0.43, 1.54, 3.0, 1.47, 0.0]", ==> ,1.0
"[-0.41, -1.0, -0.33, -0.1, 0.88, 0.26, 0.86, 1.0, 0.98, -2.0]", ==> ,0.0
"[-0.38, -1.0, 0.63, -0.4, 0.66, -0.65, 1.58, 5.0, 0.62, 0.0]", ==> ,0.0
"[-0.47, 3.0, 0.79, -0.98, 0.72, -0.59, 0.4, 5.0, 1.93, 1.0]", ==> ,0.0
"[-0.49, 1.0, -0.56, -1.54, 0.68, 0.82, 1.36, 3.0, 0.41, -1.0]", ==> ,1.0
"[-0.08, 5.0, -0.98, -0.3, 0.37, -0.36, 0.26, 4.0, 2.48, 0.0]", ==> ,0.0
"[-0.26, 3.0, 0.35, -0.16, 0.16, 0.5, 0.9, 2.0, -0.5, 1.0]", ==> ,0.0
"[-0.9, 5.0, 0.78, -0.64, 0.41, 0.59, 1.08, 4.0, 1.04, 0.0]", ==> ,0.0
"[-0.72, -1.0, 1.02, -1.84, 0.47, -0.34, 1.54, 5.0, 3.14, 1.0]", ==> ,1.0
"[-0.02, 5.0, -0.71, -0.3, 0.6, -0.46, 2.0, 1.0, 1.47, -2.0]", ==> ,1.0
"[-0.61, -1.0, 0.21, -1.02, 0.85, 0.61, 0.58, 4.0, 1.49, -2.0]", ==> ,0.0
"[-0.18, 3.0, -0.25, -1.2, 0.62, 0.88, 1.5, 2.0, 2.83, 0.0]", ==> ,1.0
"[-0.91, 1.0, 1.27, -0.5, 0.37, -0.94, 1.14, 5.0, -0.61, 0.0]", ==> ,0.0
"[-0.51, 3.0, -0.19, -1.2, 0.12, 0.62, 1.7, 2.0, -2.13, -1.0]", ==> ,0.0
"[-0.98, 1.0, 0.88, -0.28, 0.4, -0.02, 1.96, 1.0, -0.4, 0.0]", ==> ,1.0
"[-0.75, -1.0, 0.7, -1.66, 0.84, -0.31, 1.84, 1.0, -2.38, -1.0]", ==> ,0.0
"[-0.1, 3.0, -0.14, -0.14, 0.39, -0.41, 0.74, 2.0, -0.6, -1.0]", ==> ,0.0
"[-0.71, 3.0, -2.38, -1.74, 0.78, 0.74, 0.94, 4.0, 2.32, 1.0]", ==> ,0.0
"[-0.62, 1.0, -0.27, -0.66, 0.94, 0.85, 0.4, 4.0, 3.07, -2.0]", ==> ,0.0
"[-0.22, 5.0, -0.04, -1.64, 0.02, -0.88, 1.66, 3.0, 1.97, 1.0]", ==> ,0.0
"[-0.41, 3.0, 0.28, -2.0, 0.37, 0.32, 0.3, 4.0, -0.49, 1.0]", ==> ,1.0
"[-0.93, 5.0, -0.33, -0.96, 0.99, 0.74, 0.76, 1.0, 2.47, 0.0]", ==> ,1.0
"[-0.56, 3.0, -0.48, -0.26, 0.65, 0.58, 0.24, 4.0, 3.1, 0.0]", ==> ,1.0
"[-0.99, -3.0, 0.15, -0.92, 0.33, 0.48, 0.9, 5.0, 0.28, -2.0]", ==> ,0.0
"[-0.31, -1.0, 0.43, -1.1, 0.28, -0.63, 1.7, 3.0, 1.94, -1.0]", ==> ,0.0
"[-0.54, 5.0, 0.74, -1.96, 0.19, -0.23, 1.44, 2.0, 0.49, -2.0]", ==> ,1.0
"[-0.61, -1.0, 0.65, -0.84, 0.52, -0.36, 1.36, 5.0, 0.65, -1.0]", ==> ,1.0
"[-0.43, -3.0, 1.12, -0.68, 0.6, 0.7, 1.64, 4.0, -0.2, -2.0]", ==> ,0.0
"[-0.87, -3.0, -1.53, -0.48, 0.47, 0.69, 0.16, 2.0, 0.11, 1.0]", ==> ,0.0
"[-0.09, 1.0, 1.39, -0.72, 0.16, 0.13, 1.48, 1.0, 3.5, 0.0]", ==> ,0.0
"[-0.85, 3.0, -0.47, -0.86, 0.03, 0.21, 0.86, 2.0, -0.53, -1.0]", ==> ,0.0
"[-0.95, -1.0, 0.46, -1.1, 0.85, -0.03, 0.62, 4.0, -0.71, -1.0]", ==> ,0.0
"[-0.88, -3.0, 0.75, -1.26, 0.97, 0.99, 1.02, 1.0, -0.16, 1.0]", ==> ,0.0
"[-0.34, -1.0, 0.46, -0.58, 0.99, 0.74, 0.74, 3.0, -3.32, 1.0]", ==> ,0.0
"[-0.3, 3.0, -0.16, -1.96, 0.47, -0.75, 0.56, 1.0, 0.74, -1.0]", ==> ,0.0
"[-0.08, 3.0, -0.21, -0.36, 0.65, 0.09, 1.86, 3.0, -1.96, -1.0]", ==> ,1.0
"[-0.39, -1.0, 0.08, -0.24, 0.62, -0.35, 1.44, 2.0, 2.65, 1.0]", ==> ,0.0
"[-0.54, 1.0, -0.34, -1.18, 0.11, 0.8, 0.02, 4.0, -0.43, -2.0]", ==> ,0.0
"[-0.7, 5.0, -0.09, -1.16, 0.76, -0.77, 0.84, 3.0, 3.16, 1.0]", ==> ,1.0
"[-0.32, 1.0, 0.56, -0.76, 0.42, -0.7, 0.58, 3.0, 0.0, 0.0]", ==> ,1.0
"[-0.33, 5.0, 2.93, -0.5, 0.98, 0.51, 1.36, 4.0, -0.53, -2.0]", ==> ,0.0
"[-0.68, -1.0, 0.1, -0.82, 0.39, -0.98, 0.52, 3.0, 2.29, -2.0]", ==> ,1.0
"[-0.59, -3.0, 1.58, -1.42, 0.13, -0.8, 1.28, 3.0, 0.55, -1.0]", ==> ,1.0
"[-0.56, -3.0, -0.23, -1.9, 0.74, 0.65, 0.42, 4.0, 1.43, -1.0]", ==> ,0.0
"[-0.23, 3.0, -1.29, -0.26, 0.97, -0.87, 0.2, 2.0, 0.13, 0.0]", ==> ,1.0
"[-0.56, 5.0, 0.12, -0.44, 0.31, -0.47, 0.24, 4.0, -2.7, 0.0]", ==> ,0.0
"[-0.79, -3.0, 1.57, -0.06, 0.91, 1.0, 0.6, 1.0, 3.55, -1.0]", ==> ,0.0
"[-0.03, -3.0, -0.09, -1.78, 0.7, -0.41, 0.46, 1.0, 2.83, 0.0]", ==> ,0.0
"[-0.8, -3.0, -0.74, -0.96, 0.99, -0.43, 1.34, 3.0, 1.8, -2.0]", ==> ,1.0
"[-0.89, 1.0, 0.9, -0.46, 0.39, -0.93, 0.76, 5.0, 2.34, -1.0]", ==> ,0.0
"[-0.34, -1.0, -0.26, -1.1, 0.69, 0.65, 0.22, 1.0, -1.31, -2.0]", ==> ,0.0
"[-0.53, 1.0, -1.02, -1.2, 0.09, 0.18, 0.96, 1.0, 0.58, -2.0]", ==> ,0.0
"[-0.67, -1.0, 0.29, -1.16, 0.34, 0.8, 0.02, 2.0, 0.9, 0.0]", ==> ,0.0
"[-0.15, -3.0, 0.68, -0.54, 0.53, -0.47, 0.52, 3.0, 0.61, -2.0]", ==> ,0.0
"[-0.06, 3.0, 0.13, -0.26, 0.82, 0.72, 1.8, 5.0, 2.15, -2.0]", ==> ,0.0
"[-0.26, -3.0, -1.68, -1.02, 0.25, 0.29, 1.18, 5.0, 2.2, 1.0]", ==> ,0.0
"[-0.31, 1.0, 0.57, -0.38, 0.76, 0.7, 0.54, 2.0, 3.45, 1.0]", ==> ,0.0
"[-0.94, -1.0, -0.76, -0.38, 0.64, 0.05, 1.36, 3.0, 2.12, 0.0]", ==> ,0.0
"[-0.36, -1.0, 0.12, -0.62, 0.03, 0.7, 1.26, 4.0, 3.69, -1.0]", ==> ,0.0
"[-0.88, 3.0, 1.34, -1.82, 0.72, -0.76, 1.96, 5.0, 2.15, -2.0]", ==> ,0.0
"[-0.51, 5.0, 0.15, -0.7, 0.8, -0.98, 0.3, 2.0, -0.34, -2.0]", ==> ,1.0
"[-0.33, -3.0, -0.67, -0.58, 0.83, -0.21, 0.64, 5.0, 0.75, -2.0]", ==> ,0.0
"[-0.59, 5.0, 0.42, -0.86, 0.78, 0.82, 0.9, 5.0, 1.97, -2.0]", ==> ,0.0
"[-0.73, 3.0, 0.25, -1.74, 0.51, -0.24, 1.1, 4.0, 2.59, 1.0]", ==> ,1.0
"[-0.33, -3.0, -0.53, -1.36, 0.25, -0.81, 1.1, 3.0, 0.43, -1.0]", ==> ,1.0
"[0.0, 5.0, -0.45, -1.64, 1.0, 0.33, 0.18, 2.0, 0.13, -2.0]", ==> ,0.0
"[-0.5, 3.0, 1.1, -1.2, 0.15, 0.83, 1.54, 5.0, 1.29, 0.0]", ==> ,1.0
"[0.0, -3.0, -0.25, -1.14, 0.74, -0.89, 1.16, 2.0, 5.18, 0.0]", ==> ,1.0
"[-0.92, 1.0, -1.01, -1.52, 0.29, 0.4, 0.78, 3.0, 5.66, 0.0]", ==> ,0.0
"[-0.77, 3.0, 0.22, -0.54, 0.44, -0.49, 0.88, 5.0, -1.78, -2.0]", ==> ,0.0
"[-0.21, 3.0, 1.04, -1.76, 0.53, 0.24, 0.96, 1.0, 0.22, 1.0]", ==> ,1.0
"[-0.77, 3.0, 0.38, -1.52, 0.23, -0.32, 1.56, 2.0, 2.52, -1.0]", ==> ,1.0
"[-0.7, -1.0, 1.78, -1.5, 0.68, -0.6, 1.04, 3.0, 1.54, 1.0]", ==> ,0.0
"[-0.61, -1.0, -0.14, -1.18, 0.76, 0.95, 0.5, 3.0, 1.78, -1.0]", ==> ,1.0
"[-0.62, -1.0, -0.17, -1.78, 0.89, -0.94, 0.74, 5.0, 1.61, -2.0]", ==> ,1.0
"[-0.07, 1.0, -0.27, -0.14, 0.23, 0.74, 0.3, 5.0, 1.28, -1.0]", ==> ,1.0
"[-0.42, 3.0, 1.11, -0.9, 0.11, -0.95, 0.22, 4.0, 1.05, -1.0]", ==> ,0.0
"[-0.62, 5.0, 0.52, -1.98, 0.96, 0.15, 1.72, 1.0, -1.78, -1.0]", ==> ,1.0
"[-0.55, 3.0, 0.52, -1.4, 0.89, 1.0, 2.0, 5.0, 0.15, 0.0]", ==> ,1.0
"[-0.44, -1.0, -1.36, -0.18, 0.01, -0.38, 0.6, 2.0, 3.1, -1.0]", ==> ,1.0
"[-0.74, 1.0, -1.59, -0.44, 0.13, 0.49, 1.1, 3.0, -0.83, -1.0]", ==> ,0.0
"[-0.48, 3.0, -1.29, -1.06, 0.93, -0.09, 1.36, 4.0, 1.89, 1.0]", ==> ,0.0
"[-0.73, 5.0, -1.07, -0.22, 0.61, 0.63, 0.42, 4.0, 0.85, -2.0]", ==> ,0.0
"[-0.2, 1.0, 0.51, -1.72, 0.26, -0.94, 1.86, 5.0, 1.0, -1.0]", ==> ,0.0
"[-0.91, 1.0, -1.84, -0.04, 0.81, -0.18, 0.26, 3.0, 2.63, 1.0]", ==> ,1.0
"[-0.42, 1.0, 1.33, -0.84, 0.14, 0.47, 0.5, 1.0, -3.26, -1.0]", ==> ,0.0
"[-0.64, 5.0, -0.67, -0.26, 0.9, -0.94, 0.26, 5.0, -1.36, 1.0]", ==> ,1.0
"[-0.76, 5.0, -0.36, -0.76, 0.31, 1.0, 0.22, 4.0, 0.14, -1.0]", ==> ,0.0
"[-0.56, 5.0, -0.02, -0.98, 0.13, -0.44, 1.98, 1.0, -4.2, 1.0]", ==> ,1.0
"[-0.41, -3.0, -0.58, -0.14, 0.35, -0.16, 0.42, 4.0, 4.13, 1.0]", ==> ,0.0
"[-0.23, 3.0, -0.17, -0.48, 0.5, 0.24, 0.12, 2.0, -0.97, 0.0]", ==> ,0.0
"[-0.69, 1.0, 1.12, -1.7, 0.86, 0.61, 1.08, 3.0, -2.3, -2.0]", ==> ,1.0
"[-0.26, -3.0, 0.79, -1.1, 0.91, 0.35, 1.86, 2.0, 3.13, -1.0]", ==> ,1.0
"[-0.85, 3.0, -0.23, -1.74, 0.47, 0.24, 0.42, 2.0, 0.14, -1.0]", ==> ,0.0
"[-0.62, 3.0, -0.12, -1.46, 0.18, -0.69, 0.1, 2.0, 1.31, 1.0]", ==> ,1.0
"[-0.7, 3.0, 2.07, -1.1, 0.99, -0.48, 1.72, 5.0, 2.1, 0.0]", ==> ,1.0
"[-0.25, 5.0, -0.45, -0.94, 0.24, 0.36, 1.82, 4.0, -1.34, -2.0]", ==> ,1.0
"[-0.64, 5.0, -1.97, -0.74, 0.79, 0.54, 0.24, 4.0, 1.29, -1.0]", ==> ,1.0
"[-0.31, 1.0, -0.84, -0.02, 0.68, -0.33, 0.04, 2.0, -0.27, -1.0]", ==> ,1.0
"[-0.51, -3.0, 0.75, -1.52, 0.38, -0.17, 0.46, 4.0, 2.28, 0.0]", ==> ,0.0
"[-0.49, 3.0, 0.17, -0.02, 0.72, -0.57, 0.22, 4.0, 1.05, 1.0]", ==> ,1.0
"[-0.22, 3.0, 0.33, -0.86, 0.25, -0.56, 0.2, 3.0, 2.19, -1.0]", ==> ,0.0
"[-0.11, 5.0, -2.35, -1.04, 0.16, 0.35, 1.4, 1.0, 0.26, -2.0]", ==> ,0.0
"[-0.15, 3.0, 1.25, -1.48, 0.07, -0.17, 0.14, 1.0, 1.05, -1.0]", ==> ,1.0
"[-0.78, 1.0, -0.99, -0.52, 0.92, -0.6, 1.72, 2.0, -1.61, 0.0]", ==> ,1.0
"[-0.15, -1.0, -1.1, -0.06, 0.6, 0.64, 1.08, 1.0, -0.17, -1.0]", ==> ,0.0
"[-0.57, 1.0, 1.66, -0.9, 0.84, -0.75, 0.54, 5.0, 0.8, 0.0]", ==> ,0.0
"[-0.9, -1.0, -0.5, -1.62, 0.27, 0.22, 1.76, 5.0, 1.12, 0.0]", ==> ,0.0
"[-0.95, 1.0, -0.9, -1.68, 0.28, -0.16, 1.34, 5.0, 3.27, 1.0]", ==> ,0.0
"[-0.67, -3.0, -1.18, -1.08, 0.89, 1.0, 2.0, 4.0, 4.09, -2.0]", ==> ,0.0
"[-0.7, -3.0, -1.22, -1.2, 0.71, 0.24, 1.46, 1.0, 2.47, -1.0]", ==> ,0.0
"[-0.49, -3.0, 0.37, -1.3, 0.01, 0.79, 1.88, 3.0, 0.67, 0.0]", ==> ,0.0
"[-0.19, 5.0, -1.37, -0.68, 0.19, 0.41, 1.44, 5.0, 0.99, 0.0]", ==> ,0.0
"[-0.84, 3.0, 0.83, -0.66, 0.52, -0.82, 0.62, 2.0, 1.12, 0.0]", ==> ,0.0
"[-0.71, 5.0, 1.76, -0.34, 0.18, 0.35, 1.1, 1.0, 2.8, 1.0]", ==> ,0.0
"[-0.6, 1.0, 0.0, -0.64, 1.0, -0.77, 1.18, 4.0, 1.21, 0.0]", ==> ,0.0
"[-0.43, -1.0, 0.3, 0.0, 0.77, -0.72, 1.5, 5.0, 0.82, 0.0]", ==> ,0.0
"[-0.8, 3.0, 0.27, -1.46, 0.83, 0.89, 0.68, 2.0, 2.0, -2.0]", ==> ,0.0
"[-0.54, 5.0, -0.97, -0.42, 0.2, 0.25, 1.9, 3.0, 2.2, -2.0]", ==> ,1.0
"[-0.32, -1.0, 0.08, -0.36, 0.57, -0.2, 1.1, 2.0, -2.74, 1.0]", ==> ,0.0
"[-0.7, -1.0, 1.49, -0.48, 0.35, -0.52, 0.24, 3.0, -0.85, -2.0]", ==> ,0.0
"[-0.1, -3.0, 1.23, -1.1, 0.64, -0.42, 0.3, 3.0, -0.59, 1.0]", ==> ,0.0
"[-0.93, 1.0, -1.39, -0.96, 0.45, 0.67, 1.48, 1.0, 1.24, 1.0]", ==> ,0.0
"[-0.71, 5.0, -0.51, -0.96, 0.08, 0.44, 1.84, 3.0, 3.36, -1.0]", ==> ,0.0
"[-0.98, 3.0, 1.42, -0.62, 0.71, 0.48, 1.22, 5.0, 3.24, 0.0]", ==> ,1.0
"[-0.36, 3.0, -0.41, -0.92, 0.64, 0.98, 1.94, 3.0, 6.16, 1.0]", ==> ,0.0
"[-0.29, 1.0, -0.69, -0.74, 0.16, -0.32, 1.76, 5.0, 2.59, -1.0]", ==> ,0.0
"[-0.78, -1.0, 0.22, -1.42, 0.73, -0.96, 1.86, 3.0, 2.58, 1.0]", ==> ,0.0
"[-0.61, 1.0, -0.43, -0.2, 0.17, 0.1, 1.38, 2.0, 0.25, 0.0]", ==> ,1.0
"[-0.1, 3.0, 0.79, -0.92, 0.42, 0.61, 0.18, 3.0, 0.95, -2.0]", ==> ,0.0
"[-0.22, 1.0, 0.57, -1.66, 0.14, -0.41, 1.98, 2.0, 1.66, 1.0]", ==> ,1.0
"[-0.86, 5.0, -0.53, -0.9, 0.57, -0.13, 0.72, 2.0, 3.2, 0.0]", ==> ,0.0
"[-0.08, 1.0, 0.98, -1.44, 0.21, 0.27, 0.14, 3.0, -1.76, -1.0]", ==> ,1.0
"[-0.42, 5.0, 0.16, -0.04, 0.79, -0.41, 1.2, 2.0, -2.62, 1.0]", ==> ,1.0
"[-0.2, 3.0, 1.45, -0.62, 0.45, 0.27, 0.7, 1.0, 0.77, 0.0]", ==> ,0.0
"[-0.17, 1.0, 0.98, -0.26, 0.78, -0.27, 1.22, 3.0, 1.44, 1.0]", ==> ,0.0
"[-0.08, 3.0, 0.55, -1.64, 0.34, 0.88, 1.68, 3.0, 1.34, 1.0]", ==> ,0.0
"[-0.65, -1.0, 0.17, -0.5, 0.45, -0.46, 0.58, 3.0, 0.46, -2.0]", ==> ,1.0
"[-0.41, 3.0, -0.45, -1.52, 0.81, -0.59, 1.3, 5.0, 0.32, 0.0]", ==> ,0.0
"[-0.11, -3.0, 0.41, -0.12, 0.34, 0.91, 0.22, 1.0, 2.21, -2.0]", ==> ,1.0
"[-0.82, 5.0, 0.63, -1.88, 0.47, -0.65, 0.52, 4.0, 0.99, 1.0]", ==> ,0.0
"[-0.39, 1.0, -0.3, -0.26, 0.03, -0.23, 1.5, 4.0, 0.17, -2.0]", ==> ,1.0
"[-0.48, -1.0, 0.48, -0.44, 0.47, -0.77, 0.62, 5.0, 4.35, 1.0]", ==> ,0.0
"[-0.77, 1.0, 0.58, -1.24, 0.96, 0.9, 1.34, 2.0, 0.74, -2.0]", ==> ,0.0
"[-0.72, 3.0, -0.18, -1.9, 0.27, -0.36, 0.98, 3.0, -1.08, 1.0]", ==> ,0.0
"[-0.45, 3.0, 0.38, -1.34, 0.48, 0.46, 0.28, 1.0, 3.1, -1.0]", ==> ,1.0
"[-0.88, 5.0, -0.81, -0.82, 0.52, 0.73, 1.34, 2.0, 3.61, 0.0]", ==> ,1.0
"[-0.24, -3.0, -0.42, -0.1, 0.96, -0.09, 1.4, 1.0, 0.19, 1.0]", ==> ,1.0
"[-0.93, -1.0, 0.86, -0.26, 0.68, 0.47, 1.5, 5.0, 4.23, -1.0]", ==> ,0.0
"[-0.98, 3.0, -0.41, -0.76, 0.45, -0.18, 0.94, 2.0, -1.17, 0.0]", ==> ,0.0
"[-0.87, 1.0, -1.73, -1.48, 0.73, 0.65, 0.48, 3.0, 2.77, -2.0]", ==> ,0.0
"[-0.53, -3.0, -1.37, -1.24, 0.49, 0.35, 1.34, 5.0, 4.19, 0.0]", ==> ,0.0
"[-0.53, 3.0, -3.4, -1.68, 0.24, 0.14, 0.64, 2.0, 2.49, -2.0]", ==> ,0.0
"[-0.65, 3.0, 0.75, -0.44, 0.09, 0.04, 1.12, 2.0, 0.47, -2.0]", ==> ,1.0
"[-0.95, -3.0, 2.13, -1.42, 0.88, 0.72, 0.48, 3.0, 1.67, -1.0]", ==> ,0.0
"[-0.79, 1.0, 0.4, -0.04, 0.68, 0.2, 1.14, 5.0, 0.95, -1.0]", ==> ,0.0
"[-0.45, -3.0, -0.63, -0.72, 0.89, 0.76, 0.36, 3.0, 2.85, 1.0]", ==> ,0.0
"[-0.57, -3.0, -0.53, -1.48, 0.01, 0.93, 0.6, 5.0, 2.03, 0.0]", ==> ,0.0
"[-0.06, 1.0, -1.39, -0.82, 0.52, 0.32, 0.28, 4.0, 1.77, 0.0]", ==> ,0.0
"[-0.33, -1.0, -1.23, -0.26, 0.94, -0.37, 1.6, 3.0, -0.92, -1.0]", ==> ,0.0
"[-0.41, -3.0, -0.84, -0.28, 0.84, -0.16, 0.96, 5.0, 0.28, -2.0]", ==> ,0.0
"[-0.62, -1.0, -0.51, -1.82, 0.96, 0.89, 1.7, 1.0, 2.48, -1.0]", ==> ,0.0
"[-0.71, -3.0, -0.72, -0.44, 0.79, -0.13, 1.22, 4.0, -1.89, -2.0]", ==> ,0.0
"[-0.35, -3.0, 0.41, -0.98, 0.92, 0.81, 1.68, 5.0, 2.9, -2.0]", ==> ,0.0
"[-0.91, 3.0, -0.68, -1.78, 0.17, -0.76, 0.58, 3.0, -1.97, -2.0]", ==> ,0.0
"[-0.64, 3.0, -1.05, -0.98, 0.17, 0.47, 1.08, 2.0, -0.42, 1.0]", ==> ,1.0
"[-0.98, -1.0, -0.54, -1.6, 0.38, -0.79, 1.5, 3.0, 0.35, -1.0]", ==> ,0.0
"[-0.03, 5.0, 0.1, -1.06, 0.04, -0.42, 0.08, 1.0, 5.1, 0.0]", ==> ,1.0
"[-0.39, 1.0, 2.38, -0.1, 0.53, 0.97, 1.24, 2.0, 6.21, -2.0]", ==> ,1.0
"[-0.95, 3.0, -0.27, -0.66, 0.01, 0.06, 1.1, 3.0, -0.16, 1.0]", ==> ,0.0
"[-0.69, -1.0, -1.63, -0.86, 0.21, 0.66, 0.52, 5.0, 0.13, -1.0]", ==> ,0.0
"[-0.61, 1.0, -0.03, -1.58, 0.36, 0.48, 1.46, 3.0, -0.45, 0.0]", ==> ,0.0
"[-0.91, 3.0, -1.29, -0.38, 0.07, 0.38, 0.44, 4.0, 3.11, 0.0]", ==> ,0.0
"[-0.19, 1.0, -1.07, -1.16, 0.15, -0.53, 1.4, 5.0, -1.2, 0.0]", ==> ,0.0
"[-0.44, 5.0, 1.17, -1.58, 0.9, 0.47, 1.76, 3.0, 3.89, -2.0]", ==> ,0.0
"[-0.15, 1.0, -0.17, -1.4, 0.48, 0.13, 0.18, 3.0, 3.68, -2.0]", ==> ,1.0
"[-0.4, -1.0, -1.47, -1.34, 0.51, -0.39, 1.42, 4.0, 2.55, 1.0]", ==> ,0.0
"[-0.99, 5.0, 1.24, -0.16, 0.55, 0.57, 1.4, 4.0, -0.32, -2.0]", ==> ,1.0
"[-0.41, 5.0, -0.4, -1.58, 0.12, 0.55, 0.96, 1.0, 3.5, -1.0]", ==> ,1.0
"[-0.76, -1.0, -2.57, -0.38, 0.81, 0.3, 0.32, 1.0, 3.53, -2.0]", ==> ,1.0
"[-0.98, -1.0, -1.04, -0.88, 0.51, -0.81, 1.16, 5.0, -1.17, 1.0]", ==> ,0.0
"[-0.27, 1.0, -0.34, -1.28, 0.85, -0.77, 0.72, 1.0, 0.37, -1.0]", ==> ,0.0
"[-0.13, -1.0, 0.89, -1.62, 0.76, -0.94, 1.84, 3.0, 0.53, 1.0]", ==> ,0.0
"[-0.7, 3.0, 0.52, -0.26, 0.71, 0.18, 1.04, 1.0, 5.27, 1.0]", ==> ,1.0
"[-0.76, 1.0, -1.29, -0.34, 0.7, 0.14, 0.72, 5.0, 2.69, -2.0]", ==> ,0.0
"[-0.24, 3.0, 0.59, -0.86, 0.1, -0.66, 1.64, 3.0, 2.76, -1.0]", ==> ,0.0
"[-0.95, 3.0, -0.55, -0.06, 0.37, 0.41, 1.04, 4.0, 2.79, -2.0]", ==> ,0.0
"[-0.86, -3.0, -0.3, -0.9, 0.29, 0.6, 0.38, 3.0, -0.13, 0.0]", ==> ,0.0
"[-0.73, -1.0, -0.21, -0.22, 0.38, 0.17, 0.48, 4.0, 3.38, 0.0]", ==> ,0.0
"[-0.3, 5.0, 0.28, -0.18, 0.56, -0.84, 1.6, 3.0, -1.14, -2.0]", ==> ,0.0
"[-0.31, 5.0, 0.41, -1.72, 0.54, -0.54, 0.18, 5.0, 0.79, 1.0]", ==> ,0.0
"[-0.44, 3.0, -0.39, -1.66, 0.75, 0.29, 1.58, 5.0, 0.88, -2.0]", ==> ,1.0
"[-0.2, -1.0, 0.32, -0.18, 0.86, 0.25, 1.48, 4.0, 0.77, -2.0]", ==> ,1.0
"[-0.74, 5.0, 2.2, -0.16, 0.79, -0.32, 0.38, 5.0, 1.18, 1.0]", ==> ,0.0
"[-0.34, 1.0, 0.11, -1.76, 0.13, -0.79, 0.82, 4.0, 1.75, 1.0]", ==> ,1.0
"[-0.46, -3.0, 0.62, -0.98, 0.11, 0.47, 1.84, 5.0, 2.36, 0.0]", ==> ,1.0
"[-0.61, 1.0, 0.79, -1.86, 0.68, 0.08, 1.44, 4.0, 0.67, 0.0]", ==> ,0.0
"[-0.33, -1.0, -0.89, -0.8, 0.25, 0.18, 1.86, 1.0, 3.63, -1.0]", ==> ,1.0
"[-0.12, -1.0, -0.5, -1.14, 0.52, -0.29, 0.22, 1.0, -2.94, -2.0]", ==> ,0.0
"[-0.86, -1.0, -0.78, -0.8, 0.13, -0.29, 0.5, 1.0, 4.47, -2.0]", ==> ,0.0
"[-0.56, -3.0, 0.76, -0.2, 0.44, -0.89, 0.98, 4.0, -1.38, 1.0]", ==> ,0.0
"[-0.18, -1.0, -0.92, -0.3, 0.34, -0.71, 0.08, 1.0, -0.42, 1.0]", ==> ,0.0
"[-0.99, 3.0, 0.33, -0.46, 0.4, 0.0, 1.64, 3.0, 0.67, 0.0]", ==> ,0.0
"[-0.97, -3.0, -0.98, -1.42, 0.64, -0.78, 0.84, 1.0, -0.95, -1.0]", ==> ,0.0
"[-0.36, 3.0, 0.67, -1.84, 0.2, 0.08, 0.18, 4.0, 2.31, -1.0]", ==> ,0.0
"[-0.14, -1.0, 0.09, -1.72, 0.06, 0.85, 0.28, 5.0, 0.4, 0.0]", ==> ,1.0
"[-0.4, -3.0, 0.62, -1.68, 0.28, 0.02, 1.6, 2.0, -1.6, 1.0]", ==> ,1.0
"[-0.98, 5.0, 0.8, -0.34, 0.48, 0.57, 1.42, 2.0, -1.31, -2.0]", ==> ,0.0
"[-0.25, -1.0, -0.12, -1.82, 0.3, 0.54, 1.04, 3.0, 1.34, -2.0]", ==> ,0.0
"[-0.95, 3.0, -0.48, -0.7, 0.36, -0.54, 0.36, 1.0, 0.74, -1.0]", ==> ,1.0
"[-0.7, -1.0, -0.64, -0.38, 0.08, 0.83, 2.0, 1.0, 3.72, 0.0]", ==> ,0.0
"[-0.71, -3.0, -1.47, -0.38, 0.51, 0.07, 0.98, 2.0, 2.86, 1.0]", ==> ,0.0
"[-0.79, -1.0, 2.02, -1.24, 0.88, -0.74, 1.96, 1.0, 0.36, 0.0]", ==> ,0.0
"[-0.87, -1.0, 0.69, -0.06, 0.69, -0.87, 1.84, 1.0, 3.85, -1.0]", ==> ,0.0
"[-0.72, 3.0, -0.52, -0.08, 0.95, -0.86, 0.26, 2.0, -0.53, 0.0]", ==> ,0.0
"[-0.42, -1.0, -0.28, -0.4, 0.8, -0.07, 0.26, 4.0, 4.19, 0.0]", ==> ,0.0
"[-0.97, 1.0, -0.62, -0.3, 0.92, -0.9, 0.28, 1.0, 2.01, 0.0]", ==> ,0.0
"[-0.56, 1.0, -0.11, -0.56, 0.63, -0.8, 0.74, 4.0, 1.44, -2.0]", ==> ,0.0
"[-0.42, 1.0, -0.58, -1.76, 0.32, 0.3, 0.4, 2.0, 3.5, 0.0]", ==> ,0.0
"[-0.36, 5.0, 0.96, -0.94, 0.04, 0.91, 2.0, 1.0, 1.13, 1.0]", ==> ,1.0
"[-0.68, -1.0, -0.38, -1.64, 0.32, 0.86, 1.82, 4.0, -1.09, 0.0]", ==> ,0.0
"[-0.25, 3.0, -0.27, -1.7, 0.42, 0.03, 0.86, 4.0, -1.23, 1.0]", ==> ,0.0
"[-0.68, -3.0, 0.51, -0.22, 0.97, -0.98, 0.74, 5.0, 1.58, 0.0]", ==> ,1.0
"[-0.67, 5.0, -0.29, -1.64, 0.93, -0.87, 1.2, 1.0, 1.95, 0.0]", ==> ,0.0
"[-0.17, 1.0, -0.82, -0.32, 0.67, 0.57, 1.36, 4.0, 2.56, -1.0]", ==> ,1.0
"[-0.5, 5.0, 0.43, -1.44, 0.42, 0.23, 0.02, 3.0, -0.54, -1.0]", ==> ,0.0
"[-0.23, -3.0, -0.87, -1.06, 0.2, -0.14, 1.5, 1.0, 6.27, -1.0]", ==> ,1.0
"[-0.45, 1.0, -0.62, -0.32, 0.34, 0.53, 1.36, 5.0, 1.07, 0.0]", ==> ,0.0
"[-0.66, 3.0, -0.14, -1.76, 0.47, -0.21, 1.62, 1.0, 1.55, -2.0]", ==> ,0.0
"[-0.21, 3.0, -1.35, -1.04, 0.31, 0.84, 1.24, 2.0, 0.59, 0.0]", ==> ,1.0
"[-0.38, 1.0, 0.02, -0.42, 0.32, 0.1, 0.14, 4.0, 1.03, -2.0]", ==> ,0.0
"[-0.57, 5.0, 1.1, -0.54, 0.07, 0.42, 1.88, 3.0, -1.11, 1.0]", ==> ,0.0
"[-0.17, -1.0, -1.39, -1.5, 0.49, 0.97, 1.32, 3.0, -0.46, 0.0]", ==> ,0.0
"[-0.54, 3.0, 1.94, -1.82, 0.65, 0.41, 0.96, 3.0, 2.14, 1.0]", ==> ,1.0
"[-0.77, -1.0, -0.05, -1.06, 0.8, -0.19, 1.62, 1.0, -0.69, 0.0]", ==> ,1.0
"[-0.69, 5.0, -0.76, -1.68, 0.26, -0.67, 1.5, 2.0, 1.66, 1.0]", ==> ,0.0
"[-0.05, -3.0, -1.66, -1.0, 0.67, 0.62, 1.28, 1.0, -0.45, -1.0]", ==> ,1.0
"[-0.56, 5.0, 0.07, -0.9, 0.96, 0.94, 0.2, 3.0, 2.48, 0.0]", ==> ,0.0
"[-0.56, 5.0, 0.39, -1.44, 0.85, 0.6, 0.1, 3.0, 1.69, 1.0]", ==> ,1.0
"[-0.51, 5.0, -1.3, -0.12, 0.41, -0.56, 1.64, 5.0, 1.26, 1.0]", ==> ,1.0
"[-0.28, 3.0, 0.16, -1.16, 0.95, 0.74, 1.04, 1.0, 2.7, -2.0]", ==> ,0.0
"[-0.73, -3.0, -0.78, -1.46, 0.98, 0.62, 0.98, 4.0, -1.91, -2.0]", ==> ,1.0
"[-0.85, 5.0, 0.42, -1.82, 0.3, 0.89, 0.84, 2.0, -0.73, -2.0]", ==> ,0.0
"[-0.96, 5.0, -0.5, -1.44, 0.83, -0.1, 0.54, 3.0, 4.62, 1.0]", ==> ,1.0
"[-0.18, 1.0, -2.91, -1.26, 0.43, 0.99, 0.72, 4.0, 1.18, 0.0]", ==> ,1.0
"[-0.31, -1.0, 0.92, -1.76, 0.27, -0.73, 0.9, 5.0, 0.83, -2.0]", ==> ,0.0
"[-0.72, -1.0, -1.33, -1.74, 0.8, 0.42, 1.22, 1.0, -0.14, 1.0]", ==> ,1.0
"[-0.63, 5.0, -1.44, -0.7, 0.25, -0.01, 0.78, 1.0, -0.8, -2.0]", ==> ,0.0
"[-0.86, -3.0, 1.41, -1.48, 0.39, 0.53, 2.0, 5.0, 0.51, -2.0]", ==> ,0.0
"[-0.81, 3.0, -1.12, -1.36, 0.57, 0.43, 1.48, 5.0, 0.03, 0.0]", ==> ,0.0
"[-0.42, 3.0, -0.64, -0.18, 0.19, 0.48, 0.64, 4.0, 0.47, 0.0]", ==> ,1.0
"[-0.21, 5.0, 0.08, -0.86, 0.39, -0.55, 0.5, 2.0, 1.78, -1.0]", ==> ,0.0
"[-0.64, 3.0, 0.52, -0.1, 0.52, 0.26, 0.16, 2.0, 0.21, -1.0]", ==> ,1.0
"[-0.35, 5.0, -1.36, -1.5, 0.53, 0.62, 0.06, 3.0, 1.95, 0.0]", ==> ,0.0
"[-0.2, -3.0, -0.84, -0.96, 0.2, 0.6, 1.12, 4.0, 1.92, -1.0]", ==> ,1.0
"[-0.64, 1.0, 1.17, -0.62, 0.55, 0.68, 0.86, 3.0, -0.68, -1.0]", ==> ,0.0
"[-0.11, 3.0, -0.15, -1.78, 0.75, -1.0, 1.3, 5.0, 0.62, 0.0]", ==> ,0.0
"[-0.33, 3.0, -1.26, -0.62, 0.7, -0.98, 1.78, 3.0, 2.42, 1.0]", ==> ,1.0
"[-0.47, 1.0, -1.45, -0.92, 0.78, 0.44, 1.12, 4.0, 1.24, -2.0]", ==> ,0.0
"[-0.53, 1.0, -0.43, -0.72, 0.31, 0.0, 0.56, 3.0, 1.97, -1.0]", ==> ,0.0
"[-0.22, 5.0, 0.42, -1.62, 0.67, -0.79, 1.08, 3.0, 2.16, -2.0]", ==> ,0.0
"[-0.55, -1.0, 0.88, -1.58, 0.12, 0.19, 0.38, 3.0, 2.38, 1.0]", ==> ,1.0
"[-0.69, 3.0, -0.26, -1.86, 0.11, -0.53, 0.3, 3.0, 1.03, -2.0]", ==> ,1.0
"[-0.24, 1.0, -0.45, -0.38, 0.83, -0.66, 0.86, 2.0, -2.77, 0.0]", ==> ,1.0
"[-0.97, 5.0, -0.97, -0.86, 0.67, 0.17, 0.16, 1.0, -4.6, -2.0]", ==> ,0.0
"[-0.83, 5.0, 0.04, -1.54, 0.35, -0.18, 1.16, 1.0, 2.73, 1.0]", ==> ,0.0
"[-0.02, 5.0, 0.55, -1.86, 0.75, 0.21, 1.58, 4.0, 2.79, 1.0]", ==> ,1.0
"[-0.18, 5.0, -0.04, -0.12, 0.84, 0.75, 1.7, 2.0, 1.6, -1.0]", ==> ,1.0
"[-0.74, -3.0, -1.22, -1.48, 0.98, -0.49, 1.18, 4.0, 2.12, 0.0]", ==> ,0.0
"[-0.32, 1.0, 0.1, -1.44, 0.47, -0.65, 1.22, 5.0, -1.83, 1.0]", ==> ,0.0
"[-0.63, -3.0, -0.55, -1.86, 0.91, -0.19, 0.46, 4.0, -6.17, -2.0]", ==> ,0.0
"[-0.95, 5.0, 1.41, -0.74, 0.24, 0.02, 1.58, 1.0, 0.84, 1.0]", ==> ,0.0
"[-0.52, -3.0, 0.31, -0.74, 0.21, -0.13, 0.3, 3.0, 0.76, -2.0]", ==> ,0.0
"[-0.79, 5.0, 1.23, -0.64, 0.03, -0.48, 1.46, 1.0, 2.88, 0.0]", ==> ,0.0
"[-0.65, 3.0, 0.53, -0.38, 0.91, -0.97, 1.84, 5.0, 1.64, 0.0]", ==> ,0.0
"[-0.98, -3.0, -1.53, -1.96, 0.87, -0.33, 1.38, 5.0, 5.61, -1.0]", ==> ,0.0
"[-0.07, 5.0, -1.46, -0.52, 0.51, 0.69, 1.94, 5.0, -0.2, 0.0]", ==> ,0.0
"[-0.89, -3.0, -2.01, -0.98, 0.9, -0.19, 1.36, 1.0, -1.86, 0.0]", ==> ,1.0
"[-0.01, 1.0, -0.23, -1.08, 0.4, -0.71, 0.24, 3.0, 2.85, -1.0]", ==> ,0.0
"[-1.0, 1.0, 0.63, -0.54, 0.23, -0.21, 1.86, 3.0, 3.71, 0.0]", ==> ,0.0
"[-0.31, -1.0, -0.09, -1.38, 0.53, -0.05, 1.36, 3.0, 4.07, 1.0]", ==> ,0.0
"[-0.48, 1.0, 0.65, -1.46, 0.02, -0.09, 0.04, 1.0, -1.47, 0.0]", ==> ,0.0
"[-0.7, 3.0, -0.4, -0.02, 0.51, 0.93, 1.78, 4.0, 0.57, 0.0]", ==> ,1.0
"[-0.65, 5.0, 0.01, -0.38, 0.32, 0.92, 1.42, 1.0, -0.15, 0.0]", ==> ,0.0
"[-0.61, -1.0, 0.26, -1.72, 0.18, 0.01, 0.08, 3.0, 0.65, -2.0]", ==> ,0.0
"[-0.64, -3.0, 0.43, -0.58, 0.33, 0.18, 0.92, 4.0, 1.72, 0.0]", ==> ,1.0
"[-0.02, -1.0, 0.01, -1.64, 0.95, 0.51, 1.8, 2.0, -1.55, -1.0]", ==> ,0.0
"[-0.19, 3.0, -1.11, -0.02, 0.37, 0.15, 0.14, 4.0, 2.33, 0.0]", ==> ,1.0
"[-0.31, 3.0, -0.68, -1.46, 0.01, 0.35, 0.46, 3.0, 0.65, 1.0]", ==> ,0.0
"[-0.71, 5.0, 0.87, -1.96, 0.27, -0.33, 1.56, 1.0, 1.25, 1.0]", ==> ,1.0
"[-0.09, 5.0, 1.4, -1.56, 0.09, -0.56, 0.16, 3.0, 3.54, 0.0]", ==> ,1.0
"[-0.58, -1.0, -2.68, -1.22, 0.63, -0.57, 1.0, 2.0, 0.65, -1.0]", ==> ,1.0
"[-0.19, 5.0, -0.52, -1.62, 0.6, -0.62, 0.2, 1.0, 1.97, 1.0]", ==> ,0.0
"[-0.21, -1.0, -0.95, -0.52, 0.94, 0.87, 1.72, 5.0, -1.78, -1.0]", ==> ,1.0
"[-0.05, 5.0, -1.48, -0.98, 0.05, -0.59, 1.96, 2.0, -0.15, -2.0]", ==> ,0.0
"[-0.6, -1.0, -1.01, -0.9, 0.12, 0.66, 0.02, 4.0, 3.27, 1.0]", ==> ,0.0
"[-0.13, 3.0, -1.47, -1.58, 0.77, 0.87, 0.42, 5.0, 0.56, 0.0]", ==> ,0.0
"[-0.32, -1.0, -0.72, -0.42, 0.49, -0.64, 1.58, 3.0, 0.16, 1.0]", ==> ,1.0
"[-0.66, 3.0, 0.28, -1.26, 0.12, -0.47, 1.4, 1.0, -1.76, 1.0]", ==> ,0.0
"[-0.87, -3.0, -0.54, -1.54, 0.56, 0.17, 0.8, 2.0, -0.51, -1.0]", ==> ,1.0
"[-0.57, 1.0, 0.66, -1.08, 0.98, -0.78, 1.2, 4.0, 3.57, 1.0]", ==> ,1.0
"[-0.04, 3.0, -0.27, -0.5, 0.66, 0.66, 0.8, 1.0, 3.74, 0.0]", ==> ,0.0
"[-0.47, 5.0, -1.42, -0.74, 0.76, 0.99, 0.82, 3.0, 1.49, -2.0]", ==> ,1.0
"[-0.25, -1.0, -1.09, -1.2, 0.63, -0.82, 1.36, 1.0, 0.41, -1.0]", ==> ,0.0
"[-0.02, -1.0, 1.99, -0.02, 0.87, -0.8, 0.42, 4.0, -1.36, 1.0]", ==> ,0.0
"[-0.29, 3.0, 0.68, -1.78, 0.51, 0.96, 1.48, 2.0, 1.94, -2.0]", ==> ,0.0
"[-0.5, 5.0, -1.77, -0.52, 0.88, 0.67, 0.8, 2.0, 3.56, 1.0]", ==> ,1.0
"[-0.36, -1.0, 0.14, -0.08, 0.04, -0.15, 0.1, 5.0, 1.53, -2.0]", ==> ,1.0
"[-0.37, -1.0, 0.2, -0.9, 0.65, 0.18, 1.82, 3.0, 6.46, 0.0]", ==> ,0.0
"[-0.74, 1.0, -1.15, -1.84, 0.51, 0.87, 0.4, 1.0, 0.48, -2.0]", ==> ,0.0
"[-0.87, 5.0, -1.6, -0.12, 0.71, -0.43, 0.18, 3.0, -1.82, 1.0]", ==> ,1.0
"[-0.6, 1.0, 1.26, -0.62, 0.38, 1.0, 0.34, 5.0, 2.14, 1.0]", ==> ,0.0
"[-0.98, -3.0, 0.8, -0.84, 0.77, 0.54, 0.1, 1.0, 1.43, 1.0]", ==> ,0.0
"[-0.1, -3.0, -0.75, -0.3, 0.16, -0.66, 1.34, 5.0, 0.78, 1.0]", ==> ,0.0
"[-0.52, 1.0, 0.83, -0.24, 0.29, -0.16, 0.02, 5.0, -1.38, -1.0]", ==> ,0.0
"[-0.79, 5.0, 0.74, -0.16, 0.72, 0.37, 0.02, 1.0, 1.81, 0.0]", ==> ,0.0
"[-0.78, -1.0, -0.62, -1.26, 0.21, 0.7, 0.94, 5.0, 2.83, -2.0]", ==> ,0.0
"[-0.89, -1.0, 1.13, -1.78, 0.92, 0.72, 1.32, 2.0, 1.31, 1.0]", ==> ,1.0
"[-0.33, 3.0, -2.11, -1.06, 0.96, 0.62, 0.88, 1.0, 0.94, 0.0]", ==> ,1.0
"[-0.85, 1.0, 0.7, -1.08, 0.43, -0.76, 1.52, 2.0, 1.26, -2.0]", ==> ,1.0
"[-0.2, -3.0, -1.79, -1.38, 0.71, -0.96, 0.68, 4.0, 2.91, -1.0]", ==> ,0.0
"[-0.37, 1.0, 1.66, -0.58, 0.63, -0.06, 0.22, 4.0, 1.4, 0.0]", ==> ,0.0
"[-0.86, 1.0, 1.52, -1.06, 0.53, 0.6, 1.28, 5.0, -1.34, 1.0]", ==> ,0.0
"[-0.44, 3.0, -0.39, -0.24, 0.98, 0.73, 0.92, 4.0, 0.89, 0.0]", ==> ,1.0
"[-0.9, 5.0, -0.21, -0.12, 0.17, -0.95, 0.56, 3.0, 1.38, 1.0]", ==> ,0.0
"[-0.37, 1.0, -0.67, -1.34, 0.73, -0.85, 0.9, 1.0, 2.66, -1.0]", ==> ,0.0
"[-0.6, -1.0, 0.03, -0.4, 0.03, -0.4, 0.3, 1.0, 1.24, -1.0]", ==> ,0.0
"[-0.19, -1.0, 0.21, -0.02, 0.36, -0.19, 0.18, 2.0, 0.91, -1.0]", ==> ,0.0
"[-0.2, -3.0, -0.65, -1.6, 0.32, -0.76, 1.2, 4.0, 1.75, -1.0]", ==> ,0.0
"[-0.06, -3.0, -0.82, -0.92, 0.11, 0.45, 1.88, 2.0, 1.3, -2.0]", ==> ,0.0
"[-0.61, -3.0, 0.42, -0.54, 0.69, -0.15, 1.92, 4.0, -3.35, 1.0]", ==> ,0.0
"[-0.01, 5.0, -1.56, -0.38, 0.15, 0.94, 0.28, 3.0, 1.65, 1.0]", ==> ,0.0
"[-0.74, 3.0, -0.92, -1.2, 0.1, -0.87, 1.76, 5.0, 2.7, 1.0]", ==> ,0.0
"[-0.23, 1.0, 0.82, -1.98, 0.71, 0.66, 0.28, 4.0, 0.03, -2.0]", ==> ,0.0
"[-0.45, 1.0, 0.52, -1.08, 0.86, -0.11, 0.12, 2.0, 2.04, 0.0]", ==> ,1.0
"[-0.39, 1.0, -0.47, -1.92, 0.07, -0.46, 1.44, 5.0, 1.15, 1.0]", ==> ,0.0
"[-0.49, -3.0, 0.79, -0.34, 0.96, 0.24, 0.92, 3.0, -1.46, 0.0]", ==> ,1.0
"[-0.73, 5.0, 1.35, -0.84, 0.44, 0.92, 0.62, 3.0, -1.64, 1.0]", ==> ,0.0
"[-0.71, -3.0, -0.1, -1.78, 0.63, -0.03, 1.54, 1.0, 2.57, -1.0]", ==> ,0.0
"[-0.27, -1.0, -1.78, -0.32, 0.98, 0.53, 0.86, 5.0, 4.14, 1.0]", ==> ,0.0
"[-0.42, -3.0, -0.92, -0.76, 0.54, 0.19, 0.44, 1.0, 1.86, -2.0]", ==> ,0.0
"[0.0, 1.0, -0.7, -1.42, 0.87, -0.46, 0.64, 2.0, 0.42, -2.0]", ==> ,0.0
"[-0.14, -3.0, 0.58, -0.78, 0.19, 0.88, 0.36, 2.0, 0.7, 0.0]", ==> ,1.0
"[-0.4, -3.0, 0.31, -1.02, 0.76, 0.84, 1.08, 1.0, -1.73, -1.0]", ==> ,0.0
"[-0.24, -3.0, 0.77, -1.54, 0.07, -0.22, 1.42, 4.0, 2.5, -2.0]", ==> ,0.0
"[-0.61, -3.0, -0.77, -1.64, 0.92, 0.98, 1.88, 4.0, 1.41, -2.0]", ==> ,1.0
"[-0.34, -1.0, -0.12, -0.88, 0.05, -0.99, 1.26, 2.0, 3.7, -1.0]", ==> ,0.0
"[-0.45, -3.0, -0.75, -0.26, 0.46, 0.7, 1.64, 5.0, 0.41, 0.0]", ==> ,0.0
"[-0.8, -1.0, 0.29, -1.6, 0.06, 0.15, 0.6, 1.0, -0.31, -2.0]", ==> ,0.0
"[-0.47, 5.0, 0.04, -1.18, 0.34, -0.39, 1.04, 1.0, -0.52, -2.0]", ==> ,0.0
"[-0.57, -3.0, 0.49, -1.42, 0.45, -0.56, 0.1, 5.0, 2.53, 0.0]", ==> ,0.0
"[-0.96, -1.0, -0.44, -1.12, 0.07, 0.82, 0.86, 5.0, -0.69, 0.0]", ==> ,1.0
"[-0.23, 1.0, -0.03, -1.8, 0.88, 0.41, 1.16, 3.0, 1.39, -1.0]", ==> ,0.0
"[-0.49, 1.0, 1.14, -0.78, 0.23, 0.22, 0.58, 4.0, -1.01, 0.0]", ==> ,1.0
"[-0.08, 1.0, 1.23, -1.46, 0.56, -0.91, 0.48, 5.0, 1.58, 1.0]", ==> ,0.0
"[-0.68, 1.0, -1.54, -1.94, 0.45, -0.32, 1.34, 4.0, 2.71, 0.0]", ==> ,1.0
"[-0.13, 3.0, -0.28, -0.04, 0.58, 0.21, 1.82, 2.0, 2.61, 1.0]", ==> ,1.0
"[-0.35, 5.0, -1.32, -0.88, 0.8, -0.62, 1.26, 5.0, 2.66, -1.0]", ==> ,0.0
"[-0.99, -3.0, 0.64, -1.76, 0.57, 0.27, 1.46, 5.0, -0.74, 1.0]", ==> ,0.0
"[-0.31, 5.0, -0.78, -1.92, 0.63, -0.4, 1.68, 2.0, 3.68, 1.0]", ==> ,1.0
"[-0.1, 1.0, 0.24, -0.18, 0.13, -0.5, 0.44, 2.0, 0.76, -2.0]", ==> ,1.0
"[-0.23, 5.0, -2.02, -0.72, 0.39, 0.42, 0.52, 1.0, 0.41, 1.0]", ==> ,0.0
"[-0.87, 3.0, 1.7, -1.46, 0.88, -0.6, 1.52, 5.0, 0.56, 0.0]", ==> ,0.0
"[-0.44, -3.0, 1.14, -1.86, 0.03, 0.26, 0.7, 2.0, -0.14, 1.0]", ==> ,1.0
"[-0.11, -3.0, -2.02, -0.08, 0.26, -0.65, 0.68, 2.0, -0.16, 0.0]", ==> ,1.0
"[-0.6, -1.0, 1.31, -0.72, 0.49, -0.49, 0.46, 4.0, 0.98, 1.0]", ==> ,0.0
"[-0.59, 5.0, -0.33, -0.74, 0.74, -0.18, 0.88, 1.0, 0.33, 0.0]", ==> ,0.0
"[-0.52, 1.0, -0.34, -0.92, 0.21, -0.57, 0.74, 5.0, -1.81, 1.0]", ==> ,0.0
"[-0.26, 5.0, -0.92, -0.94, 0.94, -0.15, 0.14, 1.0, 0.05, -1.0]", ==> ,0.0
"[-0.65, -1.0, 0.63, -1.8, 0.99, -0.11, 0.26, 1.0, -0.38, 0.0]", ==> ,1.0
"[-0.96, -1.0, 0.86, -1.74, 0.19, 0.09, 1.16, 3.0, 1.1, 0.0]", ==> ,1.0
"[-0.67, 3.0, -0.4, -0.94, 0.22, 0.86, 0.88, 1.0, 1.47, 1.0]", ==> ,1.0
"[-0.58, -1.0, -0.38, -1.76, 0.97, 0.73, 0.78, 1.0, 4.04, -2.0]", ==> ,0.0
"[-0.4, -3.0, -1.08, -0.26, 0.7, 0.73, 1.96, 5.0, -1.35, 0.0]", ==> ,0.0
"[-0.09, 1.0, -0.77, -0.46, 0.17, -0.71, 0.5, 2.0, -0.84, -1.0]", ==> ,0.0
"[-0.56, 5.0, 2.43, -1.38, 0.69, 0.18, 0.58, 1.0, -1.19, -2.0]", ==> ,0.0
"[-0.26, 5.0, -1.71, -0.48, 0.72, -0.7, 0.38, 1.0, 0.37, -2.0]", ==> ,1.0
"[-0.48, 1.0, 0.26, -0.68, 0.58, -0.42, 1.38, 5.0, 0.03, 1.0]", ==> ,1.0
"[-0.86, -1.0, 1.31, -0.4, 0.78, 0.24, 0.3, 5.0, 3.19, -2.0]", ==> ,1.0
"[-0.44, -3.0, -0.2, -1.64, 0.46, 0.58, 0.18, 2.0, 2.15, 0.0]", ==> ,0.0
"[-0.99, 5.0, -0.95, -1.06, 0.32, -0.55, 1.1, 3.0, 2.58, 0.0]", ==> ,1.0
"[-0.19, -1.0, 0.02, -1.88, 0.02, 0.22, 0.38, 1.0, 1.93, 1.0]", ==> ,1.0
"[-0.51, 5.0, -0.31, -1.3, 0.44, -0.64, 1.98, 5.0, 2.01, -1.0]", ==> ,1.0
"[-0.5, 3.0, -0.5, -1.94, 0.68, 0.62, 0.4, 2.0, -0.47, -1.0]", ==> ,1.0
"[-0.57, -3.0, -1.26, -1.16, 0.92, 0.75, 1.92, 2.0, 2.45, 1.0]", ==> ,1.0
"[-1.0, 3.0, 1.01, -0.68, 0.56, -0.9, 0.56, 2.0, -1.65, -2.0]", ==> ,0.0
"[-0.44, 1.0, -1.51, -0.92, 0.67, -0.1, 0.36, 2.0, 1.01, 0.0]", ==> ,0.0
"[-0.68, 1.0, -1.56, -1.94, 0.23, 0.47, 0.64, 4.0, -0.72, 1.0]", ==> ,0.0
"[-0.31, -1.0, -0.97, -1.26, 0.87, 0.58, 1.88, 2.0, -2.13, 1.0]", ==> ,1.0
"[-0.04, 3.0, -3.04, -0.9, 0.92, -0.55, 0.04, 3.0, 4.4, -1.0]", ==> ,0.0
"[-0.24, 3.0, 0.75, -1.36, 0.88, -0.75, 0.92, 2.0, 0.41, 1.0]", ==> ,0.0
"[-0.95, -3.0, -0.44, -0.42, 0.19, -0.53, 1.0, 4.0, -1.89, 0.0]", ==> ,1.0
"[-0.94, 1.0, -0.67, -0.52, 0.69, -0.08, 0.2, 1.0, -1.98, -1.0]", ==> ,0.0
"[-0.84, 5.0, -0.61, -0.22, 0.29, -0.07, 1.02, 5.0, -1.45, 0.0]", ==> ,0.0
"[-0.62, 5.0, -1.58, -1.9, 0.78, -0.37, 1.96, 3.0, 1.47, -1.0]", ==> ,1.0
"[-0.29, 5.0, 0.45, -1.68, 0.46, -0.43, 1.8, 4.0, 3.87, 1.0]", ==> ,1.0
"[-0.51, 5.0, 0.31, -0.52, 0.96, -0.92, 0.98, 1.0, 5.33, 0.0]", ==> ,1.0
"[-0.79, 5.0, 0.53, -0.68, 0.8, 0.89, 0.46, 3.0, 3.36, 0.0]", ==> ,0.0
"[-0.11, -1.0, 1.14, -1.5, 0.56, -0.18, 1.4, 3.0, 5.01, 0.0]", ==> ,1.0
"[-0.66, -3.0, -0.08, -1.64, 0.04, -0.06, 1.06, 2.0, 3.93, -1.0]", ==> ,0.0
"[-0.34, -3.0, -1.6, -0.04, 0.84, 0.97, 1.9, 4.0, 2.6, -1.0]", ==> ,1.0
"[-0.12, 5.0, 0.49, -0.1, 0.85, -0.43, 1.96, 4.0, 0.83, -1.0]", ==> ,0.0
"[-0.34, 3.0, 0.55, -0.48, 0.54, 0.66, 0.32, 5.0, -0.08, -2.0]", ==> ,0.0
"[-0.58, 5.0, -0.31, -0.48, 0.67, 0.6, 0.68, 4.0, 3.0, -2.0]", ==> ,1.0
"[0.0, 1.0, -0.27, -1.48, 0.07, -0.85, 1.9, 3.0, 2.3, 1.0]", ==> ,0.0
"[-0.53, 5.0, 0.7, -1.44, 0.23, 0.67, 1.82, 1.0, 1.74, -1.0]", ==> ,0.0
"[-0.47, 1.0, 0.52, -0.08, 0.75, 0.87, 1.06, 5.0, 0.04, 1.0]", ==> ,0.0
"[-0.26, 3.0, -0.81, -1.38, 0.18, -0.05, 1.22, 4.0, 0.47, 1.0]", ==> ,0.0
"[-0.64, 1.0, -0.42, -1.32, 0.69, 0.53, 0.6, 4.0, 3.07, 1.0]", ==> ,1.0
"[-0.34, -3.0, 0.1, -1.06, 0.53, 0.17, 0.8, 2.0, 2.18, -1.0]", ==> ,0.0
"[-0.64, 5.0, 0.83, -0.88, 0.56, -0.69, 0.44, 3.0, 0.13, -2.0]", ==> ,0.0
"[-0.64, 3.0, -1.08, -0.84, 0.74, 0.07, 0.04, 1.0, -0.1, 1.0]", ==> ,1.0
"[-0.02, -3.0, 0.1, -1.46, 0.71, 0.07, 0.64, 3.0, 3.3, -2.0]", ==> ,1.0
"[-0.56, 1.0, -2.12, -1.66, 0.35, -0.25, 1.32, 1.0, -0.63, 0.0]", ==> ,1.0
"[-0.17, -3.0, 0.51, -1.54, 0.21, -0.48, 1.72, 4.0, -2.21, 0.0]", ==> ,1.0
"[-0.08, 1.0, -1.31, -1.14, 0.2, -0.83, 0.72, 5.0, 0.33, -1.0]", ==> ,0.0
"[-0.33, 5.0, 0.17, -1.52, 0.93, -0.71, 0.08, 5.0, 0.82, 0.0]", ==> ,1.0
"[-0.44, 3.0, -1.5, -1.8, 0.48, -0.16, 0.9, 3.0, -0.75, 1.0]", ==> ,1.0
"[-0.19, 1.0, -0.38, -0.24, 0.89, -0.78, 0.36, 3.0, -0.06, -2.0]", ==> ,1.0
"[-0.7, 1.0, 1.06, -0.98, 0.53, -0.26, 0.5, 1.0, 5.59, 1.0]", ==> ,0.0
"[-0.58, -3.0, -1.49, -0.38, 0.97, 0.96, 1.28, 2.0, 1.67, 0.0]", ==> ,1.0
"[-0.28, 5.0, 2.41, -1.7, 0.54, 0.18, 0.5, 5.0, 0.62, 0.0]", ==> ,0.0
"[-0.72, 1.0, -0.24, -1.0, 0.63, 0.91, 0.02, 3.0, 1.97, 0.0]", ==> ,1.0
"[-0.87, 5.0, -0.03, -0.2, 0.04, 0.17, 1.26, 1.0, 4.33, 1.0]", ==> ,0.0
"[-0.5, -3.0, 1.28, -0.04, 0.11, -0.67, 0.4, 5.0, -3.78, 0.0]", ==> ,0.0
"[-0.77, 1.0, 0.38, -1.1, 0.18, -0.3, 1.72, 3.0, 0.31, 1.0]", ==> ,0.0
"[-0.69, -3.0, -0.01, -1.76, 0.68, 0.66, 1.74, 5.0, 3.5, 1.0]", ==> ,0.0
"[-0.59, 1.0, -1.1, -1.08, 0.01, -0.68, 1.84, 1.0, -1.69, 1.0]", ==> ,0.0
"[-0.4, 5.0, -0.51, -1.32, 0.47, 0.0, 1.74, 2.0, 1.4, 1.0]", ==> ,1.0
"[-0.01, 5.0, 0.38, -0.02, 0.32, 0.01, 0.62, 1.0, -4.15, -1.0]", ==> ,0.0
"[-0.88, 5.0, 1.04, -1.86, 0.14, -0.62, 1.16, 4.0, -2.31, 1.0]", ==> ,0.0
"[-0.37, 5.0, -1.4, -0.74, 0.51, 0.7, 0.22, 1.0, -0.07, 1.0]", ==> ,1.0
"[-0.88, -1.0, 0.03, -0.44, 0.8, -0.93, 0.04, 3.0, 0.24, 0.0]", ==> ,0.0
"[-0.32, 5.0, -0.59, -1.06, 0.32, -0.71, 0.7, 4.0, -1.23, 1.0]", ==> ,0.0
"[-0.77, -3.0, 0.24, -1.92, 0.34, -0.93, 0.08, 2.0, 0.27, 1.0]", ==> ,1.0
"[-0.12, 3.0, -0.51, -1.48, 0.03, -0.86, 1.22, 1.0, -2.27, -2.0]", ==> ,1.0
"[-0.85, -3.0, 0.01, -0.04, 0.85, -0.12, 1.86, 1.0, 4.05, -2.0]", ==> ,1.0
"[-0.05, 1.0, -1.56, -1.88, 0.58, 0.22, 1.3, 2.0, -1.64, -2.0]", ==> ,0.0
"[-0.19, -3.0, -0.04, -1.78, 0.16, 0.24, 0.52, 3.0, 1.44, -2.0]", ==> ,1.0
"[-0.54, 3.0, -0.85, -0.4, 0.1, 1.0, 0.22, 5.0, 3.95, -2.0]", ==> ,1.0
"[-0.61, 3.0, 1.99, -1.82, 0.72, -0.44, 1.8, 1.0, 3.2, -2.0]", ==> ,0.0
"[-0.32, -1.0, 1.58, -1.82, 0.06, -0.21, 1.96, 2.0, 3.23, -1.0]", ==> ,0.0
"[-0.31, 3.0, -0.8, -0.26, 0.31, 0.35, 0.08, 3.0, 3.26, 1.0]", ==> ,1.0
"[-0.19, 3.0, 1.38, -0.4, 0.37, 0.5, 0.28, 1.0, 0.4, 0.0]", ==> ,0.0
"[-0.89, 1.0, -0.18, -0.94, 0.76, 0.46, 0.9, 3.0, 4.06, 0.0]", ==> ,0.0
"[-0.06, -3.0, -1.33, -0.98, 0.48, 0.18, 1.6, 5.0, 1.29, 1.0]", ==> ,0.0
"[-0.68, -3.0, 0.5, -1.34, 0.78, -0.57, 1.84, 1.0, 2.76, -2.0]", ==> ,0.0
"[-0.97, -1.0, 0.52, -1.76, 0.4, 0.89, 1.68, 5.0, -1.37, 1.0]", ==> ,0.0
"[-0.44, -1.0, -1.52, -1.1, 0.53, 0.06, 1.2, 4.0, -0.81, -1.0]", ==> ,1.0
"[-0.49, -3.0, 0.17, -1.4, 0.4, 0.45, 1.56, 5.0, 2.37, 0.0]", ==> ,0.0
"[-0.84, -3.0, -0.33, -0.5, 0.02, 0.64, 0.1, 4.0, 3.53, -1.0]", ==> ,0.0
"[-0.36, 5.0, -0.76, -1.58, 0.95, 0.43, 0.96, 3.0, 4.19, 0.0]", ==> ,0.0
"[-0.25, 1.0, -0.11, -0.6, 0.92, -0.41, 0.96, 5.0, 2.98, -2.0]", ==> ,1.0
"[-0.08, -1.0, -0.16, -0.9, 0.89, -0.82, 0.76, 1.0, 2.99, -2.0]", ==> ,0.0
"[-0.33, -1.0, 1.62, -0.02, 0.57, -0.16, 1.64, 5.0, 2.35, 0.0]", ==> ,0.0
"[-0.11, 1.0, 0.96, -1.52, 0.76, -0.99, 1.26, 2.0, 1.43, -1.0]", ==> ,0.0
"[-0.16, -1.0, -0.01, -1.76, 0.81, 0.0, 1.0, 1.0, 2.52, 0.0]", ==> ,0.0
"[-0.4, 5.0, 3.69, -1.66, 0.97, 0.24, 1.76, 3.0, 0.33, -2.0]", ==> ,1.0
"[-0.87, 1.0, -0.26, -0.64, 0.21, -0.22, 2.0, 3.0, -0.28, -2.0]", ==> ,1.0
"[-0.67, -3.0, 0.18, -0.84, 0.95, 0.03, 0.72, 5.0, 1.25, -1.0]", ==> ,0.0
"[-0.47, -1.0, 0.62, -0.24, 0.83, 0.45, 1.7, 3.0, 0.55, -2.0]", ==> ,0.0
"[-0.05, -3.0, -0.37, -0.18, 0.17, -0.49, 0.78, 1.0, 4.29, -1.0]", ==> ,0.0
"[-0.58, 1.0, -1.59, -1.54, 0.45, -0.99, 1.88, 5.0, 0.09, 1.0]", ==> ,0.0
"[-0.71, 5.0, 0.14, -1.22, 0.48, -0.51, 1.36, 2.0, -1.63, 0.0]", ==> ,0.0
"[-0.19, 1.0, -0.02, -0.98, 0.43, 0.4, 0.6, 1.0, -0.62, 1.0]", ==> ,0.0
"[-0.45, 5.0, 2.78, -0.1, 0.35, -0.76, 0.24, 1.0, 0.56, 0.0]", ==> ,0.0
"[-0.44, 3.0, -0.98, -1.44, 0.6, 0.91, 1.48, 2.0, 1.01, -2.0]", ==> ,0.0
"[-0.23, 3.0, -0.6, -0.32, 0.65, -0.03, 1.48, 4.0, 0.65, -1.0]", ==> ,1.0
"[-0.58, -3.0, -1.28, -0.62, 0.32, -0.94, 1.42, 2.0, 0.6, 0.0]", ==> ,0.0
"[-0.67, 3.0, 0.46, -0.06, 0.7, 0.02, 1.14, 3.0, 0.51, -2.0]", ==> ,0.0
"[-0.27, 3.0, 0.36, -0.7, 0.84, 0.81, 0.96, 3.0, 2.4, 1.0]", ==> ,0.0
"[-0.11, 1.0, 0.29, -0.06, 0.21, 0.3, 1.24, 1.0, 2.49, 0.0]", ==> ,0.0
"[-0.02, 5.0, 0.38, -1.8, 0.58, 0.58, 0.3, 1.0, 0.85, -2.0]", ==> ,0.0
"[-0.8, 5.0, 0.13, -0.72, 0.13, -0.71, 0.44, 3.0, -0.22, 0.0]", ==> ,1.0
"[-0.51, 1.0, -1.58, -0.2, 0.61, -0.29, 1.28, 2.0, -2.39, 0.0]", ==> ,0.0
"[-0.42, -3.0, -0.29, -0.42, 0.71, 0.45, 1.04, 5.0, 0.49, 0.0]", ==> ,0.0
"[-0.2, 3.0, -0.75, -0.82, 0.02, -0.2, 1.64, 4.0, 1.21, -2.0]", ==> ,0.0
"[-0.91, 1.0, -1.08, -1.42, 0.71, -0.41, 1.7, 3.0, 0.64, -1.0]", ==> ,0.0
"[-0.68, 5.0, 1.27, -0.38, 0.1, 0.39, 0.46, 5.0, 1.5, 0.0]", ==> ,0.0
"[-0.09, 1.0, -1.01, -0.46, 0.63, 0.21, 0.6, 5.0, -1.25, 0.0]", ==> ,0.0
"[-0.63, 1.0, 0.71, -0.98, 0.94, -0.34, 1.68, 1.0, 2.0, -1.0]", ==> ,0.0
"[-0.14, -1.0, -1.29, -0.42, 0.57, -0.3, 0.96, 4.0, 0.77, -2.0]", ==> ,0.0
"[-0.13, 3.0, -2.2, -1.16, 0.48, -0.23, 1.42, 2.0, -2.01, 0.0]", ==> ,0.0
"[-0.76, -3.0, -0.17, -0.38, 0.82, 0.19, 0.36, 4.0, 0.64, 0.0]", ==> ,1.0
"[-0.48, -3.0, 0.04, -1.0, 0.35, -0.38, 0.62, 4.0, -0.55, 0.0]", ==> ,0.0
"[-0.96, 1.0, 0.2, -1.3, 0.51, 0.64, 1.32, 5.0, -0.58, 0.0]", ==> ,0.0
"[-0.56, 5.0, -1.22, -0.42, 0.77, -0.46, 0.3, 1.0, 2.18, 0.0]", ==> ,1.0
"[-0.26, -1.0, 0.47, -1.3, 0.94, -0.14, 0.86, 1.0, -0.92, -2.0]", ==> ,1.0
"[-0.79, 1.0, -0.03, -1.64, 0.99, -0.81, 1.68, 3.0, 3.27, 1.0]", ==> ,0.0
"[-0.59, -3.0, -0.02, -0.28, 0.87, -0.02, 0.34, 2.0, 0.44, -2.0]", ==> ,0.0
"[-0.84, 3.0, 0.13, -0.7, 0.79, -0.86, 0.28, 4.0, 3.99, 0.0]", ==> ,0.0
"[-0.32, -1.0, 0.11, -1.08, 0.6, 0.43, 0.12, 3.0, 0.76, 1.0]", ==> ,0.0
"[-0.47, 5.0, 2.36, -0.6, 0.29, -0.79, 1.06, 1.0, -1.94, -2.0]", ==> ,0.0
"[-0.22, 5.0, 0.73, -1.56, 0.8, 0.71, 1.72, 4.0, -0.52, -1.0]", ==> ,1.0
"[-0.42, 5.0, 0.11, -1.84, 0.89, -0.93, 0.82, 2.0, -0.63, -2.0]", ==> ,1.0
"[-0.73, 3.0, 0.67, -0.26, 0.02, -0.86, 1.44, 5.0, 1.23, -2.0]", ==> ,1.0
"[-0.08, -1.0, 2.05, -1.82, 0.62, 0.12, 0.98, 2.0, 1.58, -2.0]", ==> ,1.0
"[-0.86, -3.0, 0.41, -0.66, 0.88, -0.93, 0.34, 1.0, 1.19, 1.0]", ==> ,1.0
"[-0.13, -1.0, 0.72, -0.9, 0.49, 0.61, 0.52, 1.0, 0.2, -2.0]", ==> ,0.0
"[-0.21, -3.0, 0.56, -1.62, 0.84, 0.29, 1.34, 3.0, 1.14, -1.0]", ==> ,0.0
"[-0.18, 3.0, 0.34, -0.86, 0.37, 0.51, 1.4, 3.0, 1.02, -1.0]", ==> ,1.0
"[-0.52, 3.0, 0.84, -0.66, 0.51, -0.58, 0.7, 1.0, 0.7, 0.0]", ==> ,0.0
"[-0.85, 3.0, 0.57, -1.02, 0.1, 0.04, 1.62, 3.0, 0.21, -1.0]", ==> ,0.0
"[-0.82, -1.0, 0.43, -0.78, 0.89, 0.1, 1.82, 2.0, 1.98, -2.0]", ==> ,1.0
"[-0.93, -1.0, 1.77, -0.54, 0.55, -0.96, 1.42, 2.0, 6.83, -1.0]", ==> ,0.0
"[-0.22, 5.0, 1.89, -1.08, 0.83, 0.06, 1.4, 5.0, 0.31, -2.0]", ==> ,0.0
"[-0.69, 5.0, 0.44, -0.46, 0.49, -0.53, 1.42, 1.0, 2.2, -1.0]", ==> ,1.0
"[-0.39, 1.0, -0.62, -0.24, 0.58, 0.9, 0.64, 2.0, 4.31, 0.0]", ==> ,0.0
"[-0.75, -3.0, 0.87, -0.88, 0.38, 0.85, 0.6, 5.0, 0.67, 0.0]", ==> ,0.0
"[-0.47, -1.0, -0.72, -1.76, 0.49, 0.13, 0.32, 1.0, -0.34, -2.0]", ==> ,0.0
"[-0.43, 5.0, 0.22, -1.78, 0.1, 0.53, 1.68, 4.0, -0.98, -2.0]", ==> ,1.0
"[-0.15, 3.0, 0.74, -1.38, 0.94, 0.93, 0.52, 2.0, 4.85, 0.0]", ==> ,1.0
"[-0.84, -3.0, 0.83, -1.24, 0.43, -0.02, 1.68, 1.0, 2.46, -2.0]", ==> ,1.0
"[-0.58, -3.0, -0.55, -0.3, 0.29, 0.23, 1.06, 3.0, 1.7, -1.0]", ==> ,0.0
"[-0.14, 1.0, -0.15, -0.94, 0.42, -0.06, 0.68, 1.0, 1.6, -2.0]", ==> ,0.0
"[-0.5, -1.0, 0.03, -0.34, 0.61, -0.03, 1.68, 2.0, -2.41, -2.0]", ==> ,0.0
"[-0.84, -1.0, -1.05, 0.0, 0.53, 0.69, 0.58, 2.0, 0.52, -1.0]", ==> ,0.0
"[-0.94, 5.0, -0.13, -1.12, 0.1, -0.98, 0.78, 4.0, 4.37, -2.0]", ==> ,0.0
"[-0.71, -3.0, 0.01, -0.42, 0.13, -0.17, 0.36, 1.0, 0.1, 0.0]", ==> ,0.0
"[-0.8, 3.0, 1.17, -0.82, 0.8, -0.03, 1.42, 5.0, -0.36, 0.0]", ==> ,0.0
"[-0.17, 1.0, -0.18, -1.82, 0.82, -0.14, 0.18, 2.0, -0.11, -1.0]", ==> ,1.0
"[-0.92, 3.0, -0.52, -0.82, 0.74, -0.87, 0.78, 1.0, -0.04, -2.0]", ==> ,1.0
"[-0.2, -1.0, 1.12, -0.66, 0.95, 0.1, 0.34, 1.0, -0.64, -1.0]", ==> ,0.0
"[-0.07, 1.0, -0.72, -1.0, 0.09, 0.91, 1.48, 1.0, 5.17, 1.0]", ==> ,0.0
"[-0.5, 1.0, -0.58, -1.58, 0.33, -0.55, 1.98, 2.0, 0.33, 0.0]", ==> ,0.0
"[-0.8, -3.0, -0.35, -0.68, 0.65, 0.01, 1.88, 5.0, 2.96, -1.0]", ==> ,1.0
"[-0.8, -3.0, 0.6, -1.12, 0.12, 0.9, 0.24, 3.0, 1.63, -2.0]", ==> ,0.0
"[-0.82, -1.0, -1.16, -0.46, 0.86, 0.44, 1.6, 4.0, 1.0, 1.0]", ==> ,1.0
"[-0.33, 1.0, 1.79, -0.8, 0.8, 0.23, 0.7, 3.0, 1.52, 0.0]", ==> ,0.0
"[-0.43, 3.0, -1.3, -0.28, 0.08, -0.93, 1.94, 3.0, 1.6, 0.0]", ==> ,0.0
"[-0.9, 3.0, 1.26, -0.2, 0.04, 0.47, 0.08, 4.0, 0.97, 1.0]", ==> ,0.0
"[-0.78, 3.0, 1.6, -1.64, 0.31, -0.58, 0.62, 5.0, 0.04, 1.0]", ==> ,1.0
"[-0.87, -3.0, -0.39, -1.94, 0.46, -0.8, 0.66, 3.0, 1.67, 0.0]", ==> ,1.0
"[-0.47, -3.0, -0.75, -1.66, 0.46, -0.58, 1.24, 5.0, -1.32, 0.0]", ==> ,1.0
"[-0.81, -3.0, 0.36, -0.8, 0.4, -0.6, 1.48, 1.0, -0.16, 1.0]", ==> ,0.0
"[-0.88, 5.0, -0.4, -0.98, 0.57, -0.06, 0.86, 1.0, 0.95, 0.0]", ==> ,0.0
"[-0.98, 3.0, 1.69, -0.04, 0.91, -0.34, 1.48, 5.0, -1.24, 1.0]", ==> ,1.0
"[-0.95, 1.0, -0.59, -0.5, 0.73, -0.4, 0.14, 5.0, -1.07, 0.0]", ==> ,0.0
"[-0.31, 3.0, 0.48, -0.86, 0.24, -0.63, 0.76, 4.0, -2.33, -1.0]", ==> ,0.0
"[-0.67, 1.0, 0.01, -1.02, 0.97, 0.03, 0.1, 3.0, 1.09, -1.0]", ==> ,1.0
"[-0.83, 5.0, -0.43, -1.82, 0.53, -0.94, 1.82, 1.0, -2.53, -1.0]", ==> ,0.0
"[-0.51, 5.0, -0.6, -1.1, 0.8, 0.08, 0.88, 4.0, 2.78, 0.0]", ==> ,1.0
"[-0.43, -3.0, -0.59, -0.14, 0.46, -0.69, 1.78, 5.0, 7.68, -2.0]", ==> ,1.0
"[-0.72, -3.0, -0.19, -0.1, 0.3, -0.63, 0.14, 3.0, 4.6, 1.0]", ==> ,0.0
"[-0.91, 1.0, 1.7, -1.9, 0.38, 0.91, 0.24, 1.0, 0.56, -2.0]", ==> ,0.0
"[-0.89, -1.0, -0.21, -0.6, 0.22, -0.89, 1.0, 1.0, -0.59, 0.0]", ==> ,1.0
"[-0.29, 3.0, 0.32, -1.94, 0.95, 0.67, 0.54, 2.0, 3.28, -2.0]", ==> ,0.0
"[-0.05, 3.0, 0.68, -0.64, 0.86, 0.83, 0.62, 5.0, 1.63, 1.0]", ==> ,1.0
"[-0.96, 3.0, -0.44, -0.18, 0.94, -0.58, 1.74, 3.0, -2.55, -2.0]", ==> ,1.0
"[-0.79, 3.0, -0.4, -1.9, 0.36, 0.85, 0.76, 5.0, 0.98, 1.0]", ==> ,0.0
"[-0.38, -3.0, 0.95, -1.9, 0.4, -0.34, 0.98, 1.0, 2.43, -2.0]", ==> ,1.0
"[-0.3, -3.0, 0.59, -1.82, 0.06, 0.12, 1.92, 2.0, 0.14, 1.0]", ==> ,1.0
"[-0.78, 3.0, -0.24, -1.92, 0.57, -0.94, 1.5, 4.0, 0.64, 1.0]", ==> ,0.0
"[-0.13, 3.0, 0.35, -0.32, 0.37, 0.82, 1.68, 1.0, 2.58, -1.0]", ==> ,1.0
"[0.0, 1.0, -0.53, -1.3, 0.14, -0.42, 1.9, 3.0, 1.12, -2.0]", ==> ,0.0
"[-0.59, -1.0, -1.34, -0.2, 1.0, -0.09, 0.54, 5.0, -0.57, -1.0]", ==> ,0.0
"[-0.35, 1.0, 1.13, -0.56, 0.6, -0.59, 2.0, 4.0, 2.29, 0.0]", ==> ,0.0
"[-0.71, -3.0, 1.23, -0.34, 0.53, -0.1, 1.62, 3.0, -0.68, -1.0]", ==> ,0.0
"[-1.0, 5.0, -0.39, -1.24, 0.99, 0.2, 0.42, 3.0, -1.24, -1.0]", ==> ,0.0
"[-0.41, 5.0, -0.21, -1.32, 0.68, 0.38, 1.58, 2.0, 1.77, -1.0]", ==> ,1.0
"[-0.13, 3.0, 0.15, -1.38, 0.23, 0.45, 0.34, 4.0, 2.54, -1.0]", ==> ,1.0
"[-0.59, -1.0, 0.16, -1.84, 0.23, -0.55, 1.48, 5.0, 4.43, 1.0]", ==> ,1.0
"[-0.87, -3.0, 1.03, -1.92, 0.76, 0.68, 0.34, 2.0, 2.74, 1.0]", ==> ,1.0
"[-0.06, 3.0, 0.89, -1.02, 0.81, -0.9, 0.4, 4.0, 3.27, 0.0]", ==> ,1.0
"[-0.05, -3.0, -0.54, -1.5, 0.94, 0.41, 1.66, 2.0, -0.62, -2.0]", ==> ,1.0
"[-0.63, -1.0, -0.55, -0.46, 0.11, -0.62, 0.04, 2.0, 0.89, -2.0]", ==> ,0.0
"[-0.92, -3.0, -0.5, -0.14, 0.32, 0.54, 1.5, 3.0, -0.74, 1.0]", ==> ,0.0
"[-0.39, 5.0, 0.06, -1.98, 0.16, 0.57, 1.14, 3.0, 0.53, -2.0]", ==> ,0.0
"[-0.8, 1.0, 0.74, -0.72, 0.13, -0.08, 1.74, 3.0, 0.05, 1.0]", ==> ,1.0
"[-0.79, 5.0, 0.81, -0.6, 0.05, 0.4, 1.02, 4.0, -0.09, -2.0]", ==> ,0.0
"[-0.52, -1.0, 2.11, -0.74, 0.52, 0.35, 0.88, 3.0, 0.89, 1.0]", ==> ,1.0
"[-0.89, 1.0, 0.42, -0.64, 0.45, -0.87, 0.62, 1.0, -0.59, 0.0]", ==> ,0.0
"[-0.73, 5.0, 1.63, -0.8, 1.0, -0.48, 0.8, 1.0, 2.51, 1.0]", ==> ,0.0
"[-0.9, 1.0, 0.74, -0.46, 0.58, 0.38, 1.44, 4.0, -0.07, 1.0]", ==> ,0.0
"[-0.6, 5.0, -1.57, -1.06, 0.51, 0.53, 1.28, 5.0, 1.68, 0.0]", ==> ,0.0
"[-0.62, 1.0, 0.04, -0.76, 0.83, -0.38, 1.22, 4.0, -0.86, -1.0]", ==> ,0.0
"[-0.11, 3.0, 1.34, -0.4, 0.26, -0.37, 1.62, 4.0, -1.77, -1.0]", ==> ,0.0
"[-0.41, 1.0, 0.34, -0.38, 0.42, 0.43, 1.58, 4.0, 4.03, -1.0]", ==> ,0.0
"[-0.02, 1.0, 0.77, -1.4, 0.13, -0.3, 1.7, 1.0, -1.23, -2.0]", ==> ,0.0
"[-0.68, 3.0, -1.62, -0.94, 0.17, -0.8, 1.5, 1.0, 1.88, -1.0]", ==> ,0.0
"[-0.61, -3.0, -0.16, -0.52, 0.05, -0.25, 0.82, 4.0, 0.87, 0.0]", ==> ,0.0
"[-0.01, -3.0, -1.41, -1.36, 0.15, 0.29, 1.16, 2.0, -1.12, -1.0]", ==> ,0.0
"[-0.99, 5.0, 0.69, -2.0, 0.99, -0.05, 1.98, 3.0, 2.05, 0.0]", ==> ,0.0
"[-0.38, -1.0, 1.3, -1.0, 0.87, 0.08, 1.28, 2.0, -1.76, -1.0]", ==> ,1.0
"[-0.98, -3.0, -1.29, -1.86, 0.39, 0.34, 0.52, 1.0, 2.46, 0.0]", ==> ,0.0
"[-0.22, 3.0, 0.26, -1.28, 0.74, 0.17, 1.02, 3.0, 2.59, -2.0]", ==> ,1.0
"[-0.76, 5.0, 1.02, -0.68, 0.97, 0.07, 1.56, 1.0, -0.48, 0.0]", ==> ,0.0
"[-0.38, 1.0, 1.4, -1.78, 0.33, -0.36, 0.88, 5.0, 0.16, 0.0]", ==> ,0.0
"[-0.08, -1.0, -1.23, -1.72, 0.84, 0.41, 1.68, 5.0, 2.94, 0.0]", ==> ,1.0
"[-0.12, 1.0, 0.17, 0.0, 0.72, -0.91, 1.5, 5.0, -2.94, 0.0]", ==> ,1.0
"[-0.36, -3.0, -0.16, -1.94, 0.94, 0.48, 0.3, 2.0, 3.41, 1.0]", ==> ,0.0
"[-0.62, 3.0, 1.56, -1.82, 0.69, -0.81, 1.78, 3.0, -0.28, -1.0]", ==> ,1.0
"[-0.55, -1.0, -1.6, -0.36, 0.25, 0.03, 0.94, 2.0, -0.27, -1.0]", ==> ,1.0
"[-0.73, 1.0, 0.16, -1.52, 0.36, -0.7, 1.9, 3.0, -1.49, 1.0]", ==> ,0.0
"[-0.16, 3.0, -2.04, -1.78, 0.34, 0.4, 0.66, 2.0, 4.4, 1.0]", ==> ,0.0
"[-0.07, 5.0, 0.76, -1.48, 0.55, 0.81, 0.2, 2.0, 1.54, 1.0]", ==> ,1.0
"[-0.96, 1.0, 0.55, -0.46, 0.27, -0.73, 1.8, 1.0, 0.63, 0.0]", ==> ,1.0
"[-0.84, -1.0, -1.89, -1.94, 0.21, -0.26, 1.74, 3.0, 1.43, 1.0]", ==> ,0.0
"[-0.48, 5.0, 0.17, -1.42, 0.21, 0.07, 0.58, 3.0, -2.3, -1.0]", ==> ,1.0
"[-0.61, 1.0, -0.26, -0.22, 0.89, -0.28, 0.44, 5.0, -0.41, 1.0]", ==> ,1.0
"[-0.3, 5.0, 1.12, -1.32, 0.61, -0.39, 1.84, 1.0, 0.6, -2.0]", ==> ,0.0
"[-0.09, -3.0, 1.0, -1.3, 0.78, -0.86, 0.3, 1.0, 0.99, -1.0]", ==> ,0.0
"[-0.09, -3.0, -0.13, -0.14, 0.52, -0.86, 0.64, 2.0, -0.88, 1.0]", ==> ,1.0
"[-0.54, 3.0, -1.44, -0.1, 0.68, 0.58, 0.3, 3.0, 2.3, 0.0]", ==> ,0.0
"[-0.59, 1.0, -1.07, -0.26, 0.07, 0.86, 0.66, 5.0, 2.27, -2.0]", ==> ,0.0
"[-0.06, 1.0, 0.16, -1.46, 0.06, 0.14, 1.1, 1.0, 1.43, 0.0]", ==> ,0.0
"[-0.59, -3.0, -1.04, -0.64, 0.9, -0.78, 0.9, 2.0, -0.18, 0.0]", ==> ,0.0
"[-0.32, -1.0, 0.25, -1.96, 0.54, 0.66, 1.66, 4.0, -2.11, 0.0]", ==> ,0.0
"[-0.21, 5.0, -0.75, -1.84, 0.7, 0.07, 1.66, 4.0, 2.11, 1.0]", ==> ,1.0
"[-0.15, 5.0, 0.32, -1.98, 0.12, -0.25, 0.06, 5.0, -2.2, 0.0]", ==> ,1.0
"[-0.14, -1.0, 0.72, -1.34, 0.11, 0.33, 0.88, 2.0, 2.76, -1.0]", ==> ,1.0
"[-0.7, -1.0, -0.46, -0.68, 0.97, -0.73, 2.0, 2.0, -0.77, -2.0]", ==> ,0.0
"[-0.58, 5.0, 0.01, -1.42, 0.42, 0.6, 1.3, 2.0, -0.11, 0.0]", ==> ,0.0
"[-0.02, -3.0, -0.88, -1.78, 0.72, -0.38, 1.38, 4.0, 2.72, 0.0]", ==> ,1.0
"[-0.19, -1.0, -1.62, -0.32, 0.15, 0.67, 0.18, 5.0, 1.6, -1.0]", ==> ,0.0
"[-0.76, 1.0, 0.17, -1.52, 0.69, 0.69, 0.08, 5.0, -0.62, -2.0]", ==> ,0.0
"[-0.68, -1.0, -0.06, -1.26, 0.38, -0.07, 1.84, 1.0, -0.41, -1.0]", ==> ,1.0
"[-0.81, 5.0, 1.45, -1.74, 0.44, -0.08, 1.66, 5.0, 1.87, -2.0]", ==> ,0.0
"[-0.44, -3.0, 0.05, -0.62, 0.34, -0.6, 1.48, 1.0, -0.09, 0.0]", ==> ,1.0
"[-0.24, 1.0, 0.89, -0.04, 0.96, -0.47, 1.24, 3.0, 0.24, -1.0]", ==> ,0.0
"[-0.9, -1.0, 0.11, -1.32, 0.36, -0.13, 1.14, 3.0, -0.83, 0.0]", ==> ,0.0
"[-0.07, 1.0, 0.55, -0.38, 0.35, 0.15, 0.32, 2.0, 4.17, -2.0]", ==> ,1.0
"[-0.07, 1.0, 0.46, -1.48, 0.36, -0.02, 0.28, 4.0, 0.08, 1.0]", ==> ,0.0
"[-0.69, -3.0, -0.84, -1.18, 0.05, 0.56, 0.08, 5.0, -1.41, -2.0]", ==> ,1.0
"[-0.59, 5.0, -1.45, -1.98, 0.17, -0.54, 0.24, 1.0, -1.66, 1.0]", ==> ,0.0
"[-0.5, -1.0, -0.01, -0.88, 0.85, -0.4, 1.18, 1.0, 2.07, -1.0]", ==> ,1.0
"[-0.69, 3.0, -0.64, -1.92, 0.47, 0.32, 1.7, 2.0, 0.52, -2.0]", ==> ,0.0
"[-0.64, -1.0, 0.29, -0.78, 0.75, 0.43, 0.18, 4.0, 2.64, 1.0]", ==> ,1.0
"[-0.71, -3.0, -2.23, -0.7, 0.71, -0.84, 0.3, 4.0, 2.86, -2.0]", ==> ,1.0
"[-0.45, 1.0, 0.63, -1.74, 0.17, 0.19, 1.18, 1.0, -5.02, 1.0]", ==> ,0.0
"[-0.58, 5.0, -0.77, -1.7, 0.01, 0.52, 1.6, 4.0, 1.84, 1.0]", ==> ,1.0
"[-0.25, -3.0, -0.08, -1.48, 0.85, -0.99, 0.9, 1.0, 4.46, 1.0]", ==> ,1.0
"[-0.67, -1.0, -2.46, -1.46, 0.94, -0.17, 0.2, 4.0, 1.64, 0.0]", ==> ,1.0
"[-0.72, 1.0, 0.12, -1.66, 0.74, 0.41, 0.74, 1.0, 0.64, 0.0]", ==> ,0.0
"[-0.92, -3.0, 1.66, -1.66, 0.79, 0.8, 1.94, 4.0, 0.44, -2.0]", ==> ,1.0
"[-0.1, 3.0, -1.84, -0.06, 0.93, -0.81, 0.68, 2.0, 1.06, 1.0]", ==> ,0.0
"[-0.68, 1.0, 0.3, -0.92, 0.21, -0.25, 0.74, 3.0, 0.8, -2.0]", ==> ,0.0
"[-0.08, 3.0, -0.84, -1.72, 0.1, -0.8, 1.5, 2.0, 2.14, -2.0]", ==> ,0.0
"[-0.21, -1.0, 0.82, -0.92, 0.25, 0.73, 1.14, 1.0, 2.6, 0.0]", ==> ,1.0
"[-0.09, 5.0, 0.24, -1.84, 0.52, 0.99, 0.9, 1.0, -1.46, -1.0]", ==> ,0.0
"[-0.86, 3.0, -1.05, -0.3, 0.76, -0.21, 1.3, 5.0, 0.12, 1.0]", ==> ,1.0
"[-0.22, 5.0, -0.93, -0.12, 0.36, -0.06, 1.44, 1.0, 3.61, -1.0]", ==> ,0.0
"[-0.65, 3.0, 0.34, -0.54, 0.25, -0.05, 0.52, 4.0, 2.34, -2.0]", ==> ,0.0
"[-0.55, -3.0, 0.39, -0.68, 0.95, 0.25, 0.56, 2.0, 4.06, -2.0]", ==> ,0.0
"[-0.41, -3.0, -0.25, -0.02, 0.76, 0.6, 0.72, 5.0, 2.9, -1.0]", ==> ,0.0
"[-0.17, -3.0, -0.62, -1.02, 0.17, -0.56, 0.3, 3.0, -0.45, -1.0]", ==> ,0.0
"[-0.37, -3.0, 0.58, -1.46, 0.03, -0.58, 1.44, 3.0, 7.29, 1.0]", ==> ,0.0
"[-0.66, 1.0, -1.73, -0.28, 0.49, -0.82, 0.28, 3.0, 1.35, 0.0]", ==> ,0.0
"[-0.44, 3.0, -2.01, -1.96, 0.59, 0.58, 0.66, 4.0, 0.84, 0.0]", ==> ,0.0
"[-0.52, -3.0, -1.81, -0.82, 0.79, -0.25, 1.88, 3.0, -0.42, -2.0]", ==> ,1.0
"[-0.9, -1.0, 0.25, -0.56, 0.46, -0.84, 0.28, 4.0, 1.96, -2.0]", ==> ,0.0
"[-0.32, -3.0, -0.09, -0.94, 0.26, 0.56, 1.08, 4.0, 5.3, -2.0]", ==> ,0.0
"[-0.16, 5.0, -0.38, -1.86, 0.86, 0.11, 0.54, 1.0, 1.87, -2.0]", ==> ,0.0
"[-0.7, -3.0, -0.19, -0.92, 0.88, -0.32, 1.5, 3.0, 1.79, 1.0]", ==> ,1.0
"[-0.92, -1.0, 1.12, -0.2, 0.48, 0.36, 1.92, 1.0, -1.59, 0.0]", ==> ,0.0
"[-0.56, 3.0, -0.94, -1.1, 0.7, -0.71, 0.16, 4.0, -2.47, -2.0]", ==> ,0.0
"[-0.98, 1.0, 0.83, -0.38, 0.93, -0.8, 0.98, 3.0, 0.59, 0.0]", ==> ,0.0
"[-0.06, -3.0, -0.28, -1.62, 0.51, 0.76, 0.06, 1.0, 2.23, 0.0]", ==> ,0.0
"[-0.6, -3.0, 0.94, -0.44, 0.62, 0.1, 1.82, 4.0, 1.76, 1.0]", ==> ,1.0
"[-0.8, -3.0, 0.27, -0.32, 0.39, -0.3, 1.5, 1.0, 0.58, 1.0]", ==> ,0.0
"[-0.48, -1.0, 2.21, -0.68, 0.01, -0.11, 1.26, 1.0, 3.53, 0.0]", ==> ,0.0
"[-1.0, 5.0, 0.81, -2.0, 0.59, 0.25, 1.3, 2.0, -0.01, 0.0]", ==> ,0.0
"[-0.15, 3.0, -0.21, -0.12, 0.13, 0.88, 1.56, 1.0, -4.17, -1.0]", ==> ,1.0
"[-0.84, 1.0, 1.69, -0.64, 0.8, -0.89, 1.2, 2.0, 3.87, 1.0]", ==> ,1.0
"[-0.43, 5.0, 0.13, -1.06, 0.97, 0.78, 0.58, 4.0, -1.87, -2.0]", ==> ,0.0
"[-0.18, 5.0, -1.03, -1.14, 0.14, -0.73, 0.9, 1.0, 0.6, 1.0]", ==> ,1.0
"[-0.46, 5.0, 0.34, -0.1, 0.18, -0.48, 0.24, 4.0, 2.49, -2.0]", ==> ,1.0
"[-0.82, 5.0, 0.89, -0.16, 0.84, -0.22, 0.8, 3.0, 0.01, -1.0]", ==> ,0.0
"[-0.31, 1.0, -1.15, -0.4, 0.74, 0.88, 0.2, 3.0, 6.09, -2.0]", ==> ,0.0
"[-0.03, 1.0, -0.78, -1.94, 0.75, -0.71, 0.72, 4.0, 2.92, -1.0]", ==> ,0.0
"[-0.46, 3.0, -0.09, -1.66, 0.57, 0.4, 0.84, 3.0, 2.27, 1.0]", ==> ,1.0
"[-0.14, 1.0, -0.54, -0.34, 0.74, 0.52, 0.36, 3.0, 0.84, -1.0]", ==> ,1.0
"[-0.6, 3.0, -0.14, -1.92, 0.17, 0.93, 0.52, 4.0, 3.01, -2.0]", ==> ,0.0
"[-0.56, 3.0, 0.08, -0.34, 0.24, 0.65, 1.24, 5.0, 0.16, 1.0]", ==> ,1.0
"[-0.66, -1.0, -1.7, -1.78, 0.26, -0.39, 0.4, 1.0, 1.41, 1.0]", ==> ,1.0
"[-0.82, 5.0, -0.17, -0.14, 0.75, -0.56, 0.02, 3.0, -1.04, -1.0]", ==> ,0.0
"[-0.22, -1.0, 0.16, -1.36, 0.73, 0.5, 0.18, 5.0, 4.12, -1.0]", ==> ,0.0
"[-0.79, -3.0, -0.05, -1.78, 0.57, -0.42, 1.96, 4.0, 3.97, -1.0]", ==> ,1.0
"[-0.26, 5.0, 0.84, -0.08, 0.94, -0.04, 0.58, 5.0, -2.6, -1.0]", ==> ,0.0
"[-0.61, -3.0, -1.16, -1.2, 0.06, -0.99, 1.08, 1.0, -0.34, 1.0]", ==> ,1.0
"[-0.54, 1.0, -0.47, 0.0, 0.07, -0.46, 0.44, 2.0, 3.38, -1.0]", ==> ,0.0
"[-0.1, -3.0, -0.23, -0.12, 0.64, -0.67, 1.12, 3.0, -0.41, 0.0]", ==> ,0.0
